python爬虫工程师,深圳·宝安区·新安,发布于15:15,12-15K,1-3年,大专,星意美,互联网,20-99人,Python，爬虫框架，分布式爬虫，反爬虫，PhantomJS,"岗位职责：
1、负责爬虫程序的设计，搭建系统框架，开发分布式网络爬虫系统；
2、研究网页特点和规律，对网页信息进行分类、数据的提取、清洗、入库等一系列流程操作；
3、解决常见的反爬虫问题；
4、爬虫程序的维护和迭代。
岗位要求：
1、熟练使用Requests/xpath/Selenium/PhantomJS等Python库；
2、熟悉关系型数据库(MySQL/PostgreSQL/Oracle)，缓存数据库(Redis/Memcached)；
3、精通一种开源爬虫框架，如scrapy等，有开发爬虫框架、构建过分布式爬虫系统者优先；
4、有解决复杂的反爬虫经验，能解决如验证码、滑块、账号限制、IP限制等问题。"
Python爬虫工程师（自动化方向）,深圳·龙华区·大浪,发布于09:39,10-15K,1-3年,大专,玉米社,企业服务,0-20人,Selenium，Python，代码风格，javascript，Tornado,"岗位职责：
1.负责网页自动化脚本编写及维护；
2.负责分布式爬虫的研究和开发；
任职要求：
1. 大专以上学历，实际项目开发经历3年以上;
2. 精通Python语言，有良好的代码风格;
3. 熟练使用常用的爬虫工具库或框架, 特别是Selenium和scrapy(必须精通);
4. 熟练web框架, 如Django、Flask、Tornado任意一种;
5. 有扎实的HTML以及Javascript基础;
6. 能够处理图片、滑块等验证码;
7. 对多进程、多线程、asyncio有基本的了解;
8. 有过JS加密参数的破解经验;
想要公司气氛好？领导好沟通？那你就来对了，快点加入我们吧！！"
Python爬虫及数据开发工程师,深圳,发布于11月24日,13-25K,1-3年,本科,房极客,互联网,100-499人,Pyspider，Scrapy，Python，网络爬虫技术，负责web,"岗位要求： 
1. 一年以上Python网络爬虫开发经验； 
2. 负责web数据采集相关的开发，熟悉web数据的抓取、解析等开发工作；  
3. 熟悉应对反爬策略的方式方法，并有成功绕过反爬策略的案例。   
任职要求： 
1. 熟悉python，scrapy，pyspider，Selenium 等框架，掌握基本的Xpath，Selenium等用法及Requests，lxml库，Selenium； 
2. 熟悉至少一种抓包工具，熟悉使用正则表达式；熟悉HTTP传输协议，能模拟各类操作进行数据的爬取； 
3. 具有较强的分析和解决问题能力，以解决技术难题为乐趣，有想法，敢于挑战；"
python爬虫工程师,深圳·南山区·科技园,发布于10:06,5-6K,经验不限,学历不限,斗网,电子商务,0-20人,多线程，分布式技术，爬虫工程师，Python，网络爬虫技术,"熟练运用装饰器方法
熟悉分布式、多线程/协程/进程;
熟悉celery异步框架；
熟悉Mysql/Redis/RabbitMQ等常见组件
熟悉git flow工作流；
熟悉分布式系统，对网络和并发编程有丰富的经验，熟悉Linux平台，能熟练使用脚本语言进行系统日志分析者优先；
喜欢尝试新技术，对于使用过的开源软件，能了解到它的原理和机制；
加分项：
1、有主流电商网站抓取经验；
2、了解安卓或者ios逆向；
公司福利：
（1）保险保障：入职即购买五险一金（社保一档），每月还有额外团队奖金；
（2）带薪假期：法定节假日（休），工作满一年6天年假（休），传统节日福利礼品（休+拿）；
（3）周边设施：公司就在高新园B口旁，周围各种精品小吃，日常快餐，豪华大餐，应有尽有，品类繁多。繁华商场，高端科技园区，休闲舒心；
（4）团队建设：每天公司餐补和下班路费补贴，每周一次公司休闲的下午茶，每月一次公司爱的聚餐，每年一次公司豪华旅游和年底Patty年会，还有不限次团建，胡吃海喝，等你加入；
（5）工作满一年，年底13薪，过年回家动车、机票报销，优秀员工还有更多福利"
Python爬虫实习,深圳·南山区·科技园,发布于11月27日,6-7K,1年以内,大专,称霸网络,互联网,20-99人,分布式技术，网络爬虫技术，爬虫工程师，装饰器，模拟登陆,"1.熟练运用装饰器方法
2.熟悉分布式、多线程/协程/进程;
3.熟悉scrapy,scrapy-redis分布式 
4.有 MySQL, Redis 或 MongoDB 等相关数据库使用经验
加分项：
1、有主流电商网站抓取经验，有模拟登陆、解决账号和ip检测相关问题的经验；
2、熟悉反中间人攻击，对此有一套成熟的策略；了解安卓或者ios逆向；
公司福利：
（1）保险保障：入职即购买五险一金（社保一档），每月还有绩效奖金；
（2）带薪假期：法定节假日（休），工作满一年6天年假（休），传统节日福利礼品（休+拿）；
（3）周边设施：公司就在高新园B口旁，周围各种精品小吃，日常快餐，豪华大餐，应有尽有，品类繁多。繁华商场，高端科技园区，休闲舒心；
（4）团队建设：每天公司餐补和下班路费补贴，每周一次公司休闲的下午茶，每月一次公司爱的聚餐，每年一次公司豪华旅游和年底Patty年会，还有不限次团建，胡吃海喝，等你加入；"
Python爬虫工程师,深圳·龙岗区·横岗,发布于11月17日,8-12K,1-3年,本科,晒宝科技,电子商务,20-99人,Scrapy，PHP，MySQL，爬虫工程师，网络爬虫技术,"技能要求：
有实际爬虫相关经验者，熟练掌握asyncio，pyppeteer等库，有Scrapy等框架开发经验者优先！
岗位职责：
1.负责设计、开发、维护、重构各网站爬虫程序，包括调度、抓取、维护、验证等爬虫工作；
2.根据需求完成网站数据的抓取，包括模拟登录，数据架构设计等核心工作；
3.完成数据的存储和提取等数据库相关操作工作；
4.攻克各种反爬手段，结构化提取和内容分析，包括数据的清洗、分类、存储等工作。
岗位要求：
1、本科及以上学历，年龄22-35；
2、至少掌握 Python/PHP 等编程语言；
3、有实际爬虫相关经验者，熟练asyncio，pyppeteer等库，熟悉框架Scrapy等；
4、对反爬虫机制有深入研究，验证码、IP、用户名限制等
5、具备一定的数据库相关知识，MySQL优先
6、能熟练采用Git管理代码。"
python爬虫工程师,深圳·龙华区·龙华,发布于11月25日,7-9K,1-3年,大专,易上科技,移动互联网,20-99人,Python，javascript，Node.js，爬虫项目，Python爬虫,"1：熟练JavaScript，node.js有项目经验优先。
2：熟练python，有社交和电商爬虫项目经验和自动化测试开发经验优先。
3：要求开发效率高、为人诚实守信。"
Python爬虫工程师,深圳·南山区·科技园,发布于11月13日,12-20K·13薪,1-3年,本科,量城,数据服务,0-20人,反爬，Scrapy，Python，分布式技术，网络爬虫技术,"团队角色
1. 参与数据平台分布式数据采集系统（爬虫）的设计与开发、进行PC端、移动端等数据的爬取和分析工作；
2.参与数据抓取及存储系统的架构设计、优化；
3.设计爬虫策略和防屏蔽规则，提升数据抓取的效率和质量；
职位要求
1.至少 2 年爬虫相关开发经验；
2. 熟悉 Python 及常用的爬虫网络框架（如 Scrapy）；
3.熟悉 Http 传输协议，熟悉正则表达式；
4. 熟练使用 Requests/xpath/Selenium/PhantomJS 等 Python 库；
5.熟练使用常用数据库（如 MySQL、MongoDB、Redis、PostgreSQL）；
6. 有解决复杂的反爬限制经验，能解决如验证码、滑块、账号限制、IP限制等问题；
7.良好的代码规范、测试习惯与质量意识，具有钻研精神；
加分项
1. 熟悉前后端共同开发方式；
2.开发过成熟的分布式数据采集系统；
3. 贡献过开源项目；
4. 有数据分析相关经验；
5. 有持之以恒的个人爱好。
我们提供什么
除了舒适的办公环境和良好的技术氛围，我们还提供：
1.电动升降桌、人体工学椅、超大外显、设备购置金
2.五险一金、年底双薪
3.定期异地 / 出国团建（一周以上）
4.定期团队内部技术分享
5.零食饮料，节日福利
6.学习和实践大数据、人工智能领域知识和技能，成长为领域专家
7.与国内顶尖机构和公司合作的数据咨询项目，深度理解客户需求，拓展人脉网络
我们拥抱工程师文化，会每半年举办一次半年度述职，根据员工个人绩效，给予薪资调整。
面试流程：非外包公司，为了更好的了解应聘者的代码质量和代码习惯，技术岗在面试过程中可能会有大概10-15分钟的线上上机环节。为了节省面试者到现场应聘者到现场面试路程所耗费的时间，目前采用的是腾讯会议线上面试，最后一轮才会邀请面试者到公司现场。"
Python爬虫工程师,深圳·南山区·科技园,发布于11月27日,11-18K,经验不限,本科,一面数据,互联网,100-499人,Python，爬虫框架，反爬，大型网站，爬虫开发,"【职位诱惑】：
大数据人工智能；清华系大牛；技术氛围浓
【岗位职责】：
▪   负责各类大型网站的爬虫开发，解决高并发请求、海量数据存储等问题；
▪   深刻理解爬虫数据的价值，竭尽全力追求数据的完整性、及时性；
▪   主动思考现有爬虫框架的迭代方向，为提高开发效率及质量努力；
▪   学习探索爬虫新技术新方向，如手机群控、Android 逆向、拟人化爬取等；
【职位要求】：
▪   喜欢钻研技术，喜欢阅读优秀开源项目源码，热衷于解决各类技术问题；
▪   精通 Python，熟练使用 Requests、Scrapy 进行爬虫开发;
▪   编程基础扎实，熟练使用多进程、多线程、协程，熟悉异步编程；
▪   熟练掌握 Linux 平台开发，能独立安装、配置、搭建开发环境;
▪   熟悉 Web 开发技术、尤其是前端技术，有实际 Web 开发经验者优先;
▪   熟悉常用数据库，包括 MySQL 、Redis、MongoDB 等；
▪   熟练使用各类抓包工具，如 Charles、Fiddler、Wireshark、Mitmproxy 等；
▪    可以应对 IP 封禁、参数加密、验证码、字体反爬、人机检测、账号封禁等反爬措施；
▪   有手机群控或 Android 逆向经验者优先。
【成长机会】：
▪   进入大数据前沿领域，直面全球化的客户；
▪   可接触多种多样的数据对抗场景，多维度锤炼个人的技术水平；
▪   学习到PB级数据的处理方案；
▪   深入数据的实际使用场景，提升个人对于数据价值的敏锐度。
【公司福利】： 
▪    有竞争力的薪酬：工资、一年一次调薪机会、五险一金、商业保险、季度奖金包、年终奖、节假日福利、生日礼物等。既有情怀，又有钱途； 
▪    合理的工作时间：我们有弹性工作时间制度，并追求使用技术去高效解决问题，不提倡加班； 
▪    团队活动：YiMBA系列课程、每周的篮球和羽毛球运动，每周分享会，每月聚餐、生日会等。我们是一个有凝聚力的团队； 
▪    年度体检：豪华体检，健康强壮的身体是工作的基础； 
▪    零食饮料：不间断的供应丰富优质的零食饮料； 
▪    年度旅游：前脚去巴厘岛后脚去日本韩国，随着团队的壮大，以后能去的地方更丰富多彩； 
▪    舒适的工作环境：我们有一个漂亮的办公室，开放式的设计和十分开阔壮观的窗景"
python工程师,深圳·宝安区·西乡,发布于16:52,5-10K,1年以内,本科,沁泽通达,互联网,100-499人,CSS，Python，HTML，前端，web前端,"ZESTNATION  WANT  YOU
沁泽通达，落座于U谷智创人才孵化中心，成立于2014年，
虽年轻，但一路走来,
从精铺到精品走向今天的品牌，
从去年开始陆续引进国内外及行业标杆企业的优秀人才，
经历风雨后，沉淀的是丰富的运营经验和对品牌独到的见解。
沁泽通达，有自己的DNA，有自己独特的灵魂，
在这里，你能充分表达自己对人和生活的态度，
在这里，你能找到自己真正的意义和价值。
如果你想要
1.把市场，产品，融汇贯通
2.更自由的发挥自己的想法
3.向“拘泥一格、墨守成规”SAY  NO!
那加入沁泽通达吧，我们彼此需要
沁泽通达可以给你
1、每周六超级nice的大boss带来的爱心早餐，平时的早餐饭票，还有精致下午茶；
2、入职购买五险一金；
3、所有法定假期均按照国家规定执行，享有所有法定节假日以及带薪年假、婚假、产假、陪产假且按照全薪计算以上假期；
4、公司有VR游戏机、呼啦圈、乒乓球、台球桌等健身器材和娱乐设施，定期举行各类运动和活动，丰富员工的业务生活；
5、定期组织各类团队活动： 每月部门聚餐、生日会、一年固定两次旅游、拓展活动等；
6、节日期间按照员工需求提供应节福利；
7、享有月度绩效奖金、季度奖金、年终奖及员工特殊贡献奖励。
岗位要求：
1.计算机相关专业, 具有 web 开发经验
2.掌握 Html5, CSS, JS, Ajax等前端技术
3.熟悉 Linux 与 Git的使用
4.熟悉 Flask 或 FastApi web开发框架
5.熟悉 Mysql, Redis 数据库
6.了解Requests, Scrapy爬虫模块与框架的使用
       
岗位职责：
1.协助团队开发爬虫项目，维护爬虫项目的日常运行
2.协助团队进行跨境电商数据采集和数据自动化方面的工作
3.主要负责基于Python技术的Web项目开发
4.完成领导布置的其他工作。"
python爬虫工程师,深圳·南山区·科技园,发布于11月13日,15-20K·13薪,3-5年,本科,深圳新房科技,企业服务,500-999人,Python，Java，数据挖掘，数据分析，网络爬虫技术,"岗位职责：
爬取各大网站的数据
1、负责设计、开发、维护爬虫系统及爬虫框架的搭建；
2、负责爬虫系统自动爬取、性能效果调优；
3、负责爬虫系统的后台监控、报警模块的开发；
4、负责爬虫技术攻坚，丰富爬虫反爬手段。
任职要求：
1、本科及以上学历优先；
2、有数据意识，有产品数据方面相关经验；
3、熟练使用 Python/Java 任意语言； 
4、有实际爬虫开发经验2年以上;
5、熟知当前各类反爬手段，并具有应对这些反爬手段的实际经验；
6、具备大规模爬虫系统设计能力；
7、提高任务的时效性与准确性，增加爬虫资源的利用率；
8、优秀的分析问题和解决问题的能力，对解决具有挑战性问题充满激情。"
Python爬虫工程师,深圳·宝安区·宝安中心区,发布于11月19日,14-20K,1-3年,学历不限,阿拉丁,移动互联网,20-99人,爬虫，Python，爬虫工程师，Nutch，Heritrix,"岗位职责：
1. 负责分布式网络爬虫系统的架构设计与开发，参与系统设计与开发；
2. 手机APP、网页、链接的特征挖掘，进行抓取、数据提取、清洗、入库；
3. 负责爬虫核心算法的策略优化研究，充分利用资源，避免限制；
4. 优化搜索、匹配等关键程序的性能及效率；
6. 主要负责抓取抖音、快手、淘宝直播等短视频平台数据；
任职要求：
1. 2年以上爬虫开发相关经验，熟练使用Python进行开发。
2. 熟悉反爬技术，图片识别码，滑动块识验码等技术。
3. 熟悉手机APP抓取。
4. 具备Android JNI、Framework开发及NDK开发经验，熟练Android安全、软件加固、移动保护经验者优先。
5. 熟练使用正则表达式、css path、xpath等，能够从结构化的和非结构化的数据中获取信息；
6. 熟练使用MySQL数据库，掌握redis、mongodb、hive等常用nosql技术并具有实战经验；
7. 精通一种开源爬虫框架，如scrapy、webmagic、nutch、heritrix等，有开发爬虫框架经验优先；
8. 具有数据挖掘、自然语言处理、信息检索、机器学习背景者优先；
  
上班时间：9:30-12:00  14:00-19:00 
五险  下午茶 周末双休（前期需要加班）"
Python爬虫工程师,深圳·南山区·科技园,发布于07月15日,15-25K,3-5年,本科,东信时代,移动互联网,500-999人,反爬，搜索引擎技术，数据库调优，分布式技术，网络爬虫技术,"岗位职责:
1、负责设计、开发、维护、重构分布式爬虫系统;
2、参与数据层建设，专注于垂直领域数据爬取，进行多平台信息的抓取和分析;
3、设计爬虫反屏蔽规则,提升网页抓取的效率和质量;
4、负责大规模爬虫系统的核心技术研究和开发;
5、实现数据提取、清洗、结构化、入库、统计分析等需求。
任职资格:
1、本科学历，计算机相关专业，3年以上爬虫开发经验;
2、Pyhton语言基础扎实，有良好的编程功底和编码习惯;熟悉java优先;
3、熟悉HTTP、HTTPS等网络协议及数据抓包、分析;
4、掌握相关的数据存储工作，掌握mysql、redis、mongodb、es、hbase等相关技术,有数据库调优的经验;
5、熟悉app数据爬虫，熟悉pc端数据采集;
6、熟悉反爬机制,处理账号限制、复杂验证码、模拟登陆等疑难问题;
7、熟悉js逆向、app逆向优先;
8、具备大规模爬虫系统设计能力,熟悉评论采集等常见数据采集任务。"
python爬虫工程师,深圳·南山区·科技园,发布于10月13日,8-13K,1-3年,本科,航路信息,旅游,100-499人,Python，Java，消重，javascript，爬虫框架,"工作职责：
1. 参与分布式爬虫系统的设计与开发，核心模块研发工作，改进和提升爬虫效率
2. 攻破各种反爬策略，快速解决各类技术疑难问题，建设反爬对抗组件库
3. 负责网页信息和APP数据抽取、清洗、消重等工作
4. 实时监控爬虫进度和预警处理
5. 与产品部门和上级沟通确保数据的准确性及时性
任职要求：
1. 计算机及相关专业本科及以上学历，2年及以上相关工作经验，有一定的研究和解决问题的能力
2. 精通至少一种开发语言，如Python、Java
3. 熟练掌握至少一种开源爬虫框架，熟练掌握mongo、redis、kafka、hadoop等相关技术
4. 对爬虫有浓厚的兴趣，责任感强，有较好的交流沟通能力和团队合作能力；
5. 熟悉常见的反爬策略，有JavaScript反爬、APP反爬、抓包分析、反爬策略探测、逆向等领域经验的优先；"
Python爬虫,深圳·福田区·梅林,发布于11月05日,30-60K,5-10年,本科,货拉拉科技,互联网,1000-9999人,Python，爬虫工程师，消重，javascript，爬虫框架,"工作职责：
 1. 参与分布式爬虫系统的设计与开发，核心模块研发工作，改进和提升爬虫效率 
2. 攻破各种反爬策略，快速解决各类技术疑难问题，建设反爬对抗组件库 
3. 负责网页信息和APP数据抽取、清洗、消重等工作 
4. 实时监控爬虫进度和预警处理
 5. 与产品部门和上级沟通确保数据的准确性及时性 
任职要求： 
1. 计算机及相关专业本科及以上学历，2年及以上相关工作经验，有一定的研究和解决问题的能力 
2. 精通至少一种开发语言，如Python、Java 
3. 熟练掌握至少一种开源爬虫框架，熟练掌握mongo、redis、kafka、hadoop等相关技术 
4. 对爬虫有浓厚的兴趣，责任感强，有较好的交流沟通能力和团队合作能力； 
5. 熟悉常见的反爬策略，有JavaScript反爬、APP反爬、抓包分析、反爬策略探测、逆向等领域经验的优先"
Python爬虫实习生,深圳·南山区·科技园,发布于11月17日,4-6K,1年以内,大专,爱数云,互联网,20-99人,JS，Python，网络爬虫技术，javascript，css基础,"职位类型：实习
工作经验：0
学历：大专及以上
专业：计算机、软件或其他相关专业
工作职责：
1 参与数据采集项目；
2 参与爬虫接口开发和维护；
3 参与新产品研发；
4 其他相关工作。
职位要求：
1 熟悉Linux下的Python爬虫开发；
2 具有JS,CSS基础，熟悉XML，HTML，JavaScript等；
3 具有SQL基础，熟悉主流Mysql，SQL Server等数据库；
4 熟悉Python语言；具有一定的反爬经验，熟悉网页解析语言；
5 价值观契合，抗压能力、学习能力强，做事认真负责；
6 2021届优秀应届大学毕业生优先。"
python爬虫工程师,深圳·南山区·科技园,发布于09月10日,12-24K·14薪,3-5年,本科,金蝶金融,互联网金融,100-499人,Python，爬虫工程师，javascript，反爬，核心技术研发,"工作内容：
1.负责网站页面或者APP采集；
2.负责网页爬虫架构设计（包括基础资源、如代理池技术、反爬技术、浏览器采集技术等等）与核心技术研发；
3.负责API或者爬虫获取数据，数据解析和分析等功能的研发
任职要求：
1、全日制本科，计算机相关专业；
2、三年以上Python开发工作经验；
3、熟悉HTML、JAVASCRIPT、CSS、AJAX等WEB技术，熟悉WEB相关数据处理技术
4、熟悉常用的浏览器调试技术；
5、熟悉常见的反爬机制及对应的应对措施，如COOKIE识别；
6、精通网页爬虫、分布式、多线程开发技术；
7、对数据结构和算法设计有较为深刻的理解；
8、具有很强的分析和解决问题的能力；
9、具有攻克难题的强烈兴趣以及提升技术能力的意愿
10、善于主动学习、责任心强、能够承受较高的工作压力"
Python爬虫工程师（兼职）,深圳·龙岗区·大运,发布于01月30日,3-8K,3-5年,本科,马虎兔科技,数据服务,0-20人,Python，Linux，Python爬虫，兼职，信息收集,"完成指定数据源信息收集
1、对接平台API
2、完成后台数据处理"
爬虫工程师,深圳·南山区·科技园,发布于03月25日,6-12K,1-3年,本科,司南数据科技,数据服务,20-99人,爬虫架构，网页采集，爬虫策略，平台信息，计算机相关专业本科以上学历,"【岗位职责】：
i.负责设计和开发爬虫系统，进行多平台信息的抓取和分析工作
ii.参与各种核心抓取策略、算法的设计与开发，提升网页抓取的效率和质量
iii.支撑业务项目和产品的数据抓取需求，参与开发和扩展新的数据源
iv.负责特殊网页采集任务的分析及采集方案设计
【任职要求】：
i.计算机相关专业本科以上学历
ii.两年以上工作经验
iii.熟悉Linux系统使用
iv.熟练掌握Java 或Python其中一门语言
v.熟悉常用爬虫框架的
vi.掌握网页抓取原理及技术，了解基于Cookie的登录原理，熟悉基于正则表达式、XPath、CSS等网页信息抽取技术；
vii.熟悉常见网站的反爬虫策略及相应的应对方案
【加分项】：
i.APP爬虫经验
ii.熟悉Selenium
iii.验证码识别经验
iv.有海量数据，分布式爬虫设计开发相关经验
v.英语良好，可以阅读英文文档优先"
python前端工程师,深圳·宝安区·西乡,发布于15:20,7-10K,1年以内,本科,沁泽通达科技,电子商务,100-499人,Python，CSS，HTML，javascript，HTML5,"岗位要求：
1.计算机相关专业, 具有 web 开发经验
2.掌握 Html5, CSS, JS, Ajax等前端技术
3.熟悉 Linux 与 Git的使用
4.熟悉 Flask 或 FastApi web开发框架
5.熟悉 Mysql, Redis 数据库
6.了解Requests, Scrapy爬虫模块与框架的使用
       
岗位职责：
1.协助团队开发爬虫项目，维护爬虫项目的日常运行
2.协助团队进行跨境电商数据采集和数据自动化方面的工作
3.主要负责基于Python技术的Web项目开发
4.完成领导布置的其他工作。"
python爬虫工程师,深圳·龙华区·龙华,发布于04月27日,12-18K·14薪,1-3年,大专,三行天下,培训机构,100-499人,Python，Java，打码平台，爬虫框架，反爬,"职位详情
岗位职责：
1. 负责爬虫程序的设计，搭建系统框架，开发分布式网络爬虫系统；
2.研究网页特点和规律，对网页信息进行分类、数据的提取、清洗、入库等一系列流程操作；
3.解决常见的反爬虫问题；
4.爬虫程序的维护和迭代。
任职要求：
1.大专及以上学历，计算机相关专业优先；
2.相关工作经验1年或以上，可接受优秀应届毕业生；
3.至少熟练掌握Python/Java等一种或多种语言，至少熟悉一种主流爬虫框架，Scrapy优先；
4.能做一些简单的数据清洗工作，熟练掌握Pandas,Numpy以及数据可视化者优先；
5.熟悉常见的主流数据库：Mysql Redis MongoDB等；
6.有能力解决反爬者优先（非调用打码平台，如图片/滑动/验证码/IP限制等）；
7.有大规模爬虫开发经验者优先。
早九晚六 午休两小时 双休 每周下午茶 每月团建/员工生日会 每年不定期1-2次国内外旅游
Biu~Biu~Biu~Biu~Biu~"
Python爬虫开发工程师,深圳,发布于08月17日,7-9K,1-3年,大专,全节点,电子商务,0-20人,数据分析，C++，Python，爬虫工程师，网络爬虫技术,"负责信息采集项目
数据分析逻辑较强
需要语言C++, Python爬虫等"
Python爬虫工程师,深圳·福田区·华强南,发布于10月25日,30-50K,1-3年,本科,南方,计算机软件,20-99人,爬虫工程师，网络爬虫技术，Python爬虫，超市购物，抢票,原来有做过或者接触过超市购物券抢购，秒杀，12306抢票，抢nike，抢手机，抢演唱会门票的经历
python爬虫开发工程师,深圳·南山区·科技园,发布于05月13日,10-15K,1-3年,本科,图灵机器人,计算机软件,20-99人,Linux，Python，网络爬虫技术，容器技术，MySQL,"1. 本科或以上学历，计算机或相关专业；2年以上python爬虫开发相关工作经验
2. 掌握python语言、mysql数据库等后台技术
3. 熟悉爬虫开发，了解常用爬虫框架如Scrapy、Requests、XPath等, 了解常见的反爬手段及其应对措施；
4. 熟悉WEB到后端的数据链路和交互，有linux/unix下项目开发以及程序调试经验
5. 善于沟通和逻辑表达，良好团队合作精神和积极主动的沟通意识，有项目管理经验优先
6. 有强烈的上进心和求知欲，善于学习和运用新知识
7. 熟悉java/kotlin/php 等其它语言者优先"
Python爬虫工程师,深圳·福田区·会展中心,发布于昨天,9-12K,3-5年,本科,RET睿意德,企业服务,20-99人,Python，Go，数据分析，分布式技术，网络爬虫技术,"岗位职责
1.负责爬虫系统架构和数据存储设计；
2.建立完整的数据获取、解析、入库和监控流程，并不断优化迭代完善；
3.解决常见的反爬虫问题；
4.理解系统数据处理流程以及业务功能需求；
5.保证数据的完整性和准确性。
 
任职需要
1. 本科及以上学历，计算机相关专业，3年+爬虫经验；
2.至少熟练掌握Java/Python/Go/JS其中一种语言；
3.熟悉目前主流的一些爬虫框架；
4.有解决复杂的反爬限制实践经验，能解决如图片验证码/滑块/账号限制/ip限制等问题；
5.大规模分布式爬虫开发经验、数据分析、机器学习建模能力优先
6.吃苦耐劳，善于思考。"
Python爬虫工程师,深圳·福田区·车公庙,发布于03月26日,10-15K,3-5年,本科,鲲鹏AI,计算机服务,0-20人,Python，Go，分布式技术，容器技术，服务器配置,"岗位职责
0x1. 负责设计、开发、维护分布式的网络爬虫，包括调度、抓取、维护、验证等爬虫工作；
0x2. 负责反爬虫系统的实现，有能力破解复杂图片验证码、ip、用户名限制等。
0x3. 负责反爬策略的设计及优化、爬虫系统代码优化，以及单元测试
任职要求
0x4. 本科及以上学历，计算机相关专业。
0x5. 计算机基础扎实，熟悉网络协议及常见的数据结构和算法
0x6. 拥有2年以上python开发经验，熟悉flask/django等框架
0x7. 熟悉一种爬虫工具（Wireshark、Charles、Fiddler 等）
0x8. 精通使用爬虫相关技术，如：python, scrapy, selenium, xpath, 正则表达式;
加分项
0x9. 数学好，或者有较强的逻辑思维能力
0xa. 对人工智能、社交、搜索等产品感兴趣
0xb. 了解java语言，python语言
0xc. 了解人工智能，机器学习，希望能够参与其中"
Python爬虫工程师,深圳·南山区·南油,发布于04月07日,10-15K,1-3年,本科,宇图科技,互联网,0-20人,Python，爬虫框架，反爬虫，Scrapy，Python爬虫,"任职要求：
1、3年以上相关工作经验；
2、扎实的Python基础，熟悉Web、APP爬虫，掌握爬虫与反爬虫技术；
3、熟悉常见爬虫框架，如scrapy、jsoup、selenium等，有实际项目经验；
4、有Amazon、eBay等电商数据爬虫优先；
5、熟练使用Mysql等流行数据库技术，熟悉缓存和nosql优先，如Hadoop、memcached、redis、mongodb；
6、有良好的学习和理解能力，编码规范和习惯，以及设计、开发和文档编写能力；
7、工作严谨，积极主动，能承担工作压力；
岗位职责：
1、负责数据爬虫，大数据处理；
2、负责软件的设计及文档编写；
3、负责软件模块的编码及单元测试；"
Python爬虫工程师,深圳·龙华区·民治,发布于11月06日,15-20K,3-5年,本科,Sellergrowth,电子商务,100-499人,Python，爬虫工程师，网络爬虫技术，目标网，反爬,"岗位职责：
1、根据开发进度和任务分配，完成相应模块软件的设计、开发、编程任务；
2、遵守软件开发技术和规范及标准流程；
3、独立完成应用的开发任务，并优化系统程序；
4、负责系统的设计、开发，以及网页抓取的效率和质量优化；
5、负责团队对目标网站进行数据爬取分析，找到最优化的爬取策略；
6、负责爬虫核心算法的策略优化研究，提升爬虫抓取效率和质量（如调权调度、分析预测、质量判断、封禁与反封禁研究等）；
岗位要求：
1、python语言至少2年以上的使用经验，并且熟练使用python中的selenium、requests、flask、pymysql,json，熟练掌握分布式框架，能使用Scrapy,kafka；
2、熟知HTTP、TCP、Socket等底层知识，深度了解反爬原理；
3、熟悉常见反爬机制，验证码识别，IP代理池、应用Ip池、headers认证和cookie等；
4、熟练掌握应用Selenium+PhantomJS实施动态HTML抓取；
5、熟练掌握正则表达式、XPath、HTML，CSS等网页信息抽取技术，熟悉web相关数据处理；
6、熟悉常用的浏览器调试技术，mysql数据库的基本操作；
7、熟悉熟练使用http代理工具charles、fiddler；
8、在破解验证码方面有丰富经验；
9、有实际海量数据采集、清洗、存储项目经验，有过数据质量管理、数据监控开发、设计使用经验、有对数据负责意识，
掌握分布式系统设计，多线程，多进程 的优先；
10、有爬取亚马逊和虾皮等跨境电商网站经验者优先。"
Python爬虫实习生,深圳·南山区·科技园,发布于07月20日,100-200元/天,7天/周,6个月,比特穿越,数据服务,20-99人,Python，javascript，网站抓取，采集处理，正则表达式,"工作职责：
1）对公司各项目所需的网络数据源进行数据抓取；
2）针对互联网上收集的商品品类等信息进行采集处理，负责信息提取、处理、优化、过滤、审核等工作；
3）按要求做数据抓取前的配置等准备工作；检查网站抓取后是否有遗漏等工作；确保所负责的站点按周期采集及时、全面；
4）完成团队安排的其他工作。
职位要求：
1）有一定JS,CSS基础，熟悉XML,HTML语言和JavaScript等；
2）一定的SQL基础，熟悉主流Mysql，SQL Server等数据库；
3）熟悉正则表达式网页解析语言；
4）熟悉Python语言；
5）热爱生活，做事严谨认真，敢于担当，工作态度端正,面对压力能有良好心态；
6）2020届优秀应届大学毕业生；
7）为优秀实习生提供转正机会。"
Python/Pyqt开发工程师,深圳·龙岗区·大运,发布于09月15日,6-11K·13薪,1-3年,本科,科飞时速,互联网,20-99人,MVC开发，Python，SQL，Java，网络编程,"1、扎实的python基础，有一个以上Python爬虫（Scrapy框架）、Pyqt桌面开发项目经验；
2、使用过 Redis 、MongoDB、MySQL数据库，有过SQL优化经历；
3、有HTTP、TCP/IP、UDP等相关网络知识；掌握python异步，多线程相关知识
4、对Svn、PyCharm工具熟练使用；
5、具有清晰的逻辑思维能力和较强的学习能力；
6、有一定的英语文档阅读学习能力；
7、对有实际开发经验、基础知识扎实，学习能力强的优秀毕业生也可以考虑
欢迎优秀的您，我们一起创造幸福人生，认真工作、快乐生活！！
待遇福利：
1、有行业竞争力的薪资待遇，多样化的奖金制度；
2、享有按国家规定保险，带薪年休假及各种补助；
3、关注员工成长，有新员工培训和相关业务技能培训；
4、不定期组织文娱活动和年度旅游，团队氛围和谐融洽。
    作为快速成长的高科技企业，倡导员工与企业一起成长。按照劳动法规定实行作息与假期制度，为员工提供全面的福利保障，为员工提供每年2次的考核加薪与奖金制度。
大运软件园是深圳市软件园（南山）的龙岗分园，是深圳唯一交通便利、绿色生态、商圈中心的国家级高新软件园。周围配套设施完善，有万科广场、COCOPARK商业广场 、山姆会员店、等大型超商，各式特色餐饮、服装、购物超市等生活配套一应俱全。
园区周围公交数趟，办公楼就在地铁B出口，步行20米即达，周边租房与物价相对比深圳关内便宜很多
​"
Python爬虫工程师,深圳·龙岗区·坂田,发布于09月07日,10-11K·13薪,3-5年,大专,洪堡智慧,其他行业,100-499人,多进程，网络爬虫技术，Python，爬虫工程师，移动端,"岗位职责
1、负责数据的采集与爬取、解析处理、入库及备份等数据日常工作；
2、研究主流网站的爬取方法及数据清洗处理；
3、有外卖平台爬取经验优先；
4、熟悉破解cookies和模拟登录破解；
5，熟悉APP爬取
任职要求：
1、熟悉HTML、Css、 javascript前端技术
2、熟悉安卓APP反编译破解
3、熟练使用正则表达式、xpath解析数据
4、熟悉抓包工具(Wireshark,Fillder等)，熟悉网络通信编程，网页抓取原理及技术
5、熟悉多进程、线程、协程、异步性能优化"
Python爬虫开发,深圳·南山区·蛇口,发布于11月10日,12-24K,5-10年,大专,雷神科技,计算机软件,100-499人,Python，消重，javascript，Celery，反爬,"负责：
参与设计和开发分布式高并发网络爬虫系统，进行多平台信息的抓取和分析工作，实时监控爬虫的进度和警报反馈
网页和APP分析、数据抽取、清洗、消重等工作
要求：
1、计算机相关专业；
2、熟练掌握 Python/Java/JavaScript 任意语言，Python 优先；
3、熟悉 HTML、XPath、正则表达式、AJAX、HTTP协议等；
4、熟悉Scrapy、Flask、celery、requests等框架；
5、熟悉爬虫抓取原理，掌握APP\PC逆向分析，JS混淆、字体等反爬解决技能；
5、熟悉高并发、分布式、异步、多线程、逆向分析等爬虫技术（重点）；
6、熟悉关系型数据库、非关系型数据库(MongoDB)、缓存数据库(Redis/Memcached)；
7、有良好的逻辑思维能力、沟通能力、学习能力、团队合作精神。
8、具有攻克难题的强烈兴趣以及提升技术能力的意愿"
少儿编程行业/C++讲师,深圳·龙岗区·龙岗中心城,发布于11月05日,10-15K,1年以内,本科,小码教育,在线教育,1000-9999人,教学答疑，少儿编程，C++，讲师，青少年,"1.    主要负责讲授青少年编程课程（6-16岁）；
2.    按照公司制定的教学计划，高质量完成教学任务；
3.    负责班级日常管理和维护工作；
4.    负责学生辅导和教学答疑等工作；
5.    参与优化和创新教学课程体系；
6.    配合其他部门完成相关工作。
  任职要求：
1.    本科计算机相关专业，能较好掌握C++
2.    具备独立工作能力和学习能力；
3.    形象佳，亲和力强，有较强的沟通表达能力；
4.    耐心，吃苦耐劳，责任心强，有团队协作能力；
5.    有教育培训行业经验者或者相关教师资格证书者优先。"
Python爬虫工程师,深圳·南山区·科技园,发布于06月20日,12-20K,3-5年,本科,SEE   ,互联网,100-499人,Python，爬虫工程师，抓包，分布式爬虫，爬虫策略,"工作职责： 
1、负责分布式爬虫和数据采集系统的维护和开发；
2、为公司各部门提供数据支持，根据需求方需求实现相关数据爬取；
3、负责数据的抓取、解析、清洗、入库，调度策略设计及爬虫任务状态的监控报警；
4、持续优化系统，提高系统的稳定性；
5、能接受压力，有独立完成项目的能力；
---------------------------------------
职责要求：
1.本科或以上 计算机/信息等 相关专业，2年以上工作经验。
2.熟悉Linux系统，shell脚本，掌握Python、Java等语言,熟悉MongoDB，MYSQL数据库的常规使用。
3.有一年以上爬虫经验，熟悉使用Scrapy、Selenium+headless、Flask等框架，了解Cookie 原理，熟悉JS、HTML、CSS等解析和具备网络相关知识。
4.具备一定的设计爬虫策略和防屏蔽规则，解决封账号、封IP、验证码等难点经验。
5.能熟练使用正则表达式、XPath、Beautifulsoup等，能够熟练使用Fiddler、MitmProxy、Wireshark等抓包工具进行抓包及自动化操作。
6..有程序反编译经验(XPosed/Frida等)、微信/微博/快手/抖音/直播弹幕等数据、各大电商平台爬取经验优先。"
Python开发工程师,深圳·福田区·岗厦,发布于04月26日,5-10K,1年以内,中专/中技,考通教育,培训机构,20-99人,后端开发，Python，javascript，Tornado，反爬虫,"Python开发工程师
岗位要求：
1、精通python，熟悉Django、Flask、Tornado等主流web开发框架
2、独立完成网站的后台服务功能模块的设计与开发；
3、具有一定的前端技能，包括CSS、H5、javascript
4、能采集其他网站文章数据，熟悉爬虫与反爬虫原理及技术，有相关成熟产品开发经验。
5、熟练掌握PHP各种api接口、微信公众号及支付宝支付宝等研发
6、确保所负责的服务模块能够达到产品要求的质量标准（响应、错误率、不间断服务指标）
7、有资讯类网站开发经验者、懂PHP、小程序优先。
岗位职责：
1、负责网站应用开发与维护、网站文章的采集，微信公众号、前端应用接口。
2、负责业务系统的需求分析、设计、编码、测试等工作。
3、负责业务系统数据库的设计与维护。
4、负责持续对产品进行优化和改进"
python工程师,深圳,发布于11月27日,20-40K,经验不限,本科,某大型基金公司,基金,100-499人,Python，高可用，系统技术方案，开发质量，智能运维,"职位描述：
1、负责核心后端的架构设计和开发，为用户提供快速流畅高可用的后台数据； 
2、参与设计系统技术方案，核心代码开发和系统调优； 
3、参与制定代码规范、测试规范，建立起开发质量控制方法； 
4、协助团队攻克各种高并发、业务解耦、大数据等方面的技术难关； 
5、参与智能运维系统研发，确保良好运转的docker管理系统和基础设施
任职资格：
1、本科及以上学历，计算机相关专业，掌握扎实的计算机基础知识，深入理解数据结构、算法和操作系统知识；有ACM、NOI、TOPCODER竞赛经验者尤佳；
2、精通至少一门编程语言，包括：Go、Python、Java、C++、PHP； 
3.熟悉Linux，有大型Web系统开发经验； 
4、有强烈的求知欲和学习能力，有优秀的抽象能力，能一句话提炼出问题本质；
5.喜欢创造工具提升效率，讨厌重复；"
数据抓取工程师,深圳·南山区·科技园,发布于05月02日,9-14K,1-3年,本科,百分点科技,企业服务,500-999人,爬虫，Python，反爬，Java，精通java,"岗位职责：
1.参与公司爬虫产品架构设计
2.根据需求负责多个系统模块设计、开发工作
3.参与产品迭代，对所负责模块不断优化升级
任职资格：
1、计算机专业本科以上学历，3年以上Java开发经验；
2、精通Java及面向对象设计开发，熟悉Shell，同时了解Python者优先；
3、了解网络通信，对爬虫或反爬技术有一定了解；
4、对数据敏感，沟通、理解、逻辑思维能力强者优先"
Python爬虫工程师,深圳,发布于10月14日,20-40K,10年以上,本科,飞亚传媒,新闻/出版,20-99人,Python算法工程师，Python，Go，爬虫工程师，Python爬虫,主要实现语言为Python/Golang、采集互联网企业信息，如阿里巴巴企业信息。
Python爬虫开发,深圳·南山区·蛇口,发布于11:31,12-24K,5-10年,大专,雷神科技,计算机软件,100-499人,Python，消重，javascript，Celery，反爬,"负责：
参与设计和开发分布式高并发网络爬虫系统，进行多平台信息的抓取和分析工作，实时监控爬虫的进度和警报反馈
网页和APP分析、数据抽取、清洗、消重等工作
要求：
1、计算机相关专业；
2、熟练掌握 Python/Java/JavaScript 任意语言，Python 优先；
3、熟悉 HTML、XPath、正则表达式、AJAX、HTTP协议等；
4、熟悉Scrapy、Flask、celery、requests等框架；
5、熟悉爬虫抓取原理，掌握APP\PC逆向分析，JS混淆、字体等反爬解决技能；
5、熟悉高并发、分布式、异步、多线程、逆向分析等爬虫技术（重点）；
6、熟悉关系型数据库、非关系型数据库(MongoDB)、缓存数据库(Redis/Memcached)；
7、有良好的逻辑思维能力、沟通能力、学习能力、团队合作精神。
8、具有攻克难题的强烈兴趣以及提升技术能力的意愿"
RPA工程师（初级）,深圳·南山区·西丽,发布于11月24日,6-9K,经验不限,大专,先达数据,计算机软件,20-99人,Python，javascript，Python爬虫，自动化脚本，分析用户需求,"技能要求：
python爬虫，自动化脚本
工作内容：
1、负责根据用户需求及设计方案，应用RPA(机器人流程自动化)软件为用户的应用场景进行流程实施，配置，测试，交付及后期维护工作；
2、与业务部门及用户识别业务潜在RPA项目。
任职要求：
1、熟悉vbs、python、JavaScript、vb.net中的一种以上语言的技能，有RPA相关认证者优先；
2、熟悉开发流程及代码规范、异常处理等，以及相关开发文档的撰写；
3、能适应短期出差。"
Python 爬虫开发工程师,深圳·南山区·科技园,发布于07月29日,10-15K,3-5年,本科,迈维智视,计算机软件,20-99人,分布式技术，网络爬虫技术，爬虫框架，反爬，分布式爬虫,"工作职责：
1.参与分布式爬虫和数据采集系统的架构设计和开发；
2.负责网络数据抓取规划、增量爬取指定渠道的数据； 
3.设计爬虫策略和防屏蔽规则，提升网页抓取的效率和质量； 
4.参与数据层建设，专注于垂直领域数据爬取，进行多平台信息的抓取和分析； 
5.实现数据提取、清洗、结构化、入库、统计分析等需求； 
6.研究优化算法，提升爬虫系统的稳定性、可扩展性。
任职要求：
1. 本科或以上学历，计算机或相关专业；2年或以上python爬虫开发相关工作经验； 
2. 扎实的python基础，熟悉Python的多线程/进程/协程等操作，有良好的编码习惯，掌握面向对 象设计原则，可熟练运用常见的设计模式； 
3. 熟悉Oracle，mysql等常见数据库； 
4. 熟悉爬虫开发，熟悉常用爬虫框架如Scrapy、Requests、XPath等, 并了解原理和机制。了解常 见的反爬手段及其应对措施； 
5. 熟悉WEB到后端的数据链路和交互，有linux/unix下项目开发以及程序调试经验； 
6. 善于沟通和逻辑表达，良好团队合作精神和积极主动的沟通意识，有项目管理经验优先； 
7. 有强烈的上进心和求知欲，善于学习和运用新知识；
8. 熟悉java/kotlin/php 等其它语言者优先。"
python爬虫开发,深圳·南山区·西丽,发布于07月15日,14-25K,5-10年,本科,易仓科技,计算机软件,500-999人,Python，数据挖掘，数据爬取，数据缓存，爬虫框架,"岗位职责：
1.负责数据爬虫，大数据处理。
2.负责软件的设计及文档编写。
3.负责软件模块的编码及单元测试。
任职要求：
1.扎实的python基础，熟悉Web、APP爬虫，掌握爬虫与反爬虫技术；
2.有Amazon、eBay等电商数据爬虫优先；
3.熟悉常见的爬虫框架，如scrapy、jsoup、selennium等，有实际项目经验
4.熟练使用Mysql等流行数据库技术，熟悉缓存和nosql优先，如Hadoop、memcached、redis、mongodb；
5.有良好的学习和理解能力，编码规范和习惯，以及设计、开发和文档编写能力。"
Python开发工程师,深圳·龙岗区·坂田,发布于11月23日,15-20K,1-3年,本科,软通动力,计算机软件,10000人以上,Python，后端开发，PostgreSQL，MySQL，爬虫工程师,"技能要求：
Python，后端开发，数据库，python爬虫，网络爬虫，数据抓取
技能要求：
Python，python爬虫，数据采集，PostgreSQL，MySQL，Celery
1. 本科或以上学历，计算机、信息系统、软件工程等相关专业； 
2. 熟悉软件开发流程和方法, 熟练试用python编程语言开发，3年以上工作经验； 
3. 有责任心，能够吃苦耐劳。"
Python,深圳·龙岗区·坂田,发布于11月18日,8-13K,1-3年,本科,深圳德鹏教育,在线教育,100-499人,PHP，Linux，Python，数据爬取，人工智能项目,"负责公司题库数据爬取。筛选，优化。分析。
有人工智能项目或算法经验优先考虑"
Python数据工程师,深圳·罗湖区·园岭,发布于10月22日,10-15K,1-3年,本科,致远速联,计算机软件,100-499人,Python，数据抓取，数据工程师，统计学，应用数学,"1.负责模块的开发实现;
2.负责数据的挖掘和分析。
任职要求：
1.统计学、应用数学、计算机等相关专业，本科及以上学历；
2.2年及以上相关工作经验
3.熟练Python，掌握numpy、pandas、sklearn等第三方库；
4.熟练掌握多种统计和挖掘方法；
5.具有数据抓取经验、熟悉Linux开发，能写shell者优先；
6.具有较强的数据敏感度，逻辑分析能力和文档写作能力；
7.处理过证券行业数据者优先。"
HTML5,深圳·龙岗区·平湖,发布于10月20日,3-6K,在校/应届,大专,千知鱼,广告营销,0-20人,h5开发，Node.js，HTML5，pc版，在线编辑器,"首先你可能之前遇到很多培训机构？但我们不是！
         我们再开发一款在线智能设计工具，看下我们的网站，qianzhiyu.net，点击进去一个试用那个在线编辑器，图片可以自由推动，复制，移动，缩小，添加删除，就是简化版的ps差不多。
       目前pc版功能基本完成，下一步要做小程序和手机H5版本。
【能力要求】
1，要求有扎实的js基础和较好的学习能力，有过效果h5开发经验案例，并有信心能完成上述要求的开发功能。
2，熟悉或有兴趣小程序开发。
3，会node.js或python爬虫优先
【关于待遇】
1，关于薪资，在项目没有大规模盈利前。我们仅提供满足你基本生活所需的薪资，如果你急切需求一份待遇好，薪资高的工作建议选择其他的工作岗位，你可以去熬夜去加班换取更多收入。
2，提供社保
    目前需要会css和js帮忙完善网站界面和功能需求，需要有基础，肯学习，有较强自学学和团队沟通能力，并且对智能化应用有兴趣的同学。我们需要的是能共同进步共同创业的同学加入我们。"
Python程序员,深圳·南山区·科技园,发布于12月06日,5-10K,经验不限,学历不限,富娜说文化,电子商务,0-20人,ERP，javascript，Odoo，postgresql数据库，python程序,"1.负责ERP新需求的收集整理、沟通与设计；
2.实现odoo与其它系统的接口；
3.指导培训内部员工熟练操作ERP；
4.对于ERP的性能架构进行优化；
5.ERP任务不紧时，可以参与其它项目开发。
任职要求：
1.熟悉Python语言、Postgresql数据库，Javascript常规操作；
2.有丰富的ERP逻辑编码、熟悉odoo二次开发的优先；
3.具有严谨的逻辑思维，和做事的一丝不苟的精神；
4.具有良好的沟通能力，和团队精神；"
Python,深圳·福田区·车公庙,发布于12月06日,10-15K,1-3年,本科,汇联金创,数据服务,0-20人,Java，HtmlUnit，javascript，采集程序，爬虫框架,"爬虫开发工程师
职位描述：
1、负责设计和开发分布式的网络爬虫应用，进行互联网相关信息的抓取和分析；
2、完成定向数据的采集与爬取、解析处理、入库等数日常工作；
3、维护、优化现有的采集程序，提升爬虫的抓取效率和质量;
4、协助完成需求收集、分析，测试和部署，编写开发过程中涉及的相关文档。
任职要求：
1、具备Java两年以上开发经验，Java基础扎实，具备爬虫开发经验；
2、熟悉Java网络爬虫框架（electron、jsoup、Selenium、HttpClient、HtmlUnit等至少一种）；
3、熟悉MySQL，MongoDB，oracle等数据库至少其中一种，熟悉SQL语言；
4、熟悉redis、RabbitMQ等消息中间件技术；
5、熟悉反爬虫技术，了解反爬机制；
6、熟悉应用服务器，熟悉Tomcat、Apache的配置及其优化；
7、熟悉ssh等常用框架，多线程、网络通信编程相关知识；
8、掌握linux基本操作，有python、nodejs相关经验者优先；
9、具有较强的分析和解决问题能力，有责任心，积极主动。"
爬虫工程师,深圳·南山区·科技园,发布于11月15日,30-50K,3-5年,硕士,高榕资本,互联网金融,20-99人,Python，Java，C++，分布式技术，网络爬虫技术,"职位描述：
1、负责分布式抓取平台的核心技术研发；
2、不断完善和重构现有爬虫系统，通过对抓取、解析、调度、存储等模块的拆分与优化，构建和完善统一的抓取服务平台；
3、设计爬虫策略与算法，提升抓取效果。
岗位要求：
1、硕士及以上学历，计算机相关专业;
2、3 年以上开发经验，有较丰富的爬虫系统开发经验;掌握python语法、有python项目开发经验； 熟悉python爬虫框架Scrapy，有开源网页爬虫开发经验; 
3、熟悉MySQL、Oracle数据库，熟练掌握SQL语句；熟悉 MongoDB。 
4、 熟悉HTTP、XML、JSON、SOAP、tcp/ip、网络代理等网络协议。 
5、熟悉常见反爬机制及对应的应对措施，如ua、cookie识别; 
6、有较强的数据分析与建模能力; 
7、熟悉Linux常用命令."
Python开发工程师,深圳·福田区·车公庙,发布于06月21日,13-18K,1-3年,大专,智通财经网,互联网金融,20-99人,HTML5，分布式爬虫，资讯聚合，Web框架，技术优先,"岗位职责:
1、PaaS平台研发、优化和维护；
2、自动化资讯聚合平台研发，提升资讯编辑发布效率，推进资讯全面（完整）化；
3、监控决策平台研发，通过量化指标，结合大数据技术，提升监控决策质量；
 
职位要求:
1、熟悉Python/golang/java、Bash；
2、熟悉常用的Web开发相关技术，如web框架、HTTP协议、web安全等；
3、熟悉关系/非关系型数据库的使用，了解基本的设计、优化原则；
4、对计算机相关基础知识有较好理解，了解常用数据结构和算法；
5、良好的编码风格及测试习惯；
6、有良好的团队合作精神，有责任感，有较好的沟通能力，主动性强；
 
加分项
 
1、Full Stack工程师优先；熟悉云计算、大数据、监控相关技术优先；熟悉NLP、分布式爬虫、去重等技术优先；
2、熟悉ES6, CSS3, HTML5, ReactJS, VueJS/AngularJS等前端技术优先；
3、重视代码质量，懂得如何测试以及写测试，懂得如何写可测试的代码，了解如何持续交付者优先；
4、可以快速学习新知识，有多种不同编程语言使用经验者优先；
5、参与设计并实现过大型互联网应用或系统者优先。"
编译器开发工程师,深圳·南山区·西丽,发布于08月21日,25-40K,1-3年,本科,吉比特,游戏,500-999人,Linux，LLVM，GCC，编译器，开发工程师,"岗位职责
1、负责脚本语言LPC的编译器、虚拟机、调试器的开发设计；
2、负责脚本语言LPC的编译器、虚拟机、调试器的优化、测试、验证、维护；
任职要求：
1.计算机及相关专业，本科及以上学历；
2在编译器开发和性能优化技术领域具有相关经验；
3.有GCC/LLVM后端开发经验者优先；
4.能够承受工作压力，有敬业和钻研技术的精神；
5.具备团队意识、较强的沟通能力和责任心。"
软件测试工程师,深圳·南山区·西丽,发布于11月16日,6-11K·13薪,1-3年,大专,览众科技,计算机软件,100-499人,软件测试方法，接口工具，网络抓包工具，软件测试工程师，招聘需求,"软件测试工程师 招聘需求 1 名：
1.  计算机或相关专业，大专或以上学历；
2.  熟悉软件测试方法等理论知识与基本应用；
3.  熟练编写测试方案、测试用例、测试报告等文档；
4.  熟悉数据库Oracle、MySQL，了解常用的sql语句；
5.  了解常见的Linux命令； 
6.  了解postman等接口工具的使用；
7.  了解fiddler等抓包工具的使用；
8.  能对发现的问题进行跟踪定位，进而提出优化建议；
9.  踏实敬业、有团队意识，沟通能力良好，能承担一定的工作压力；
10. 有web应用或者python爬虫开发经验的优先。"
人力资源实习生,深圳·南山区·科技园,发布于11月25日,100-150元/天,3天/周,2个月,风变编程,互联网,500-999人,招聘与配置，人力资源实习生，面试邀约，面试接待，结果确认,"职位职责：
1、参与公司常规岗位招聘，基于岗位需求及人才画像，实施人才搜索、面试邀约、面试接待协调、结果确认及数据录入；
2、在招聘过程中主动搜集问题，集中反馈，参与面试过程持续优化；
3、在上级的培训和工作指导下持续提升工作效能与质量；
4、执行上级安排的其他临时性工作。
职位要求：
1、在读21或2022届
2、熟练运用excel、word、ppt等办公软件；
3、为人正直、亲和力好、耐心、细致、认真、负责，抗压；
4、善与人沟通、逻辑思维能力及应变能力较好，富于团队协助精神；
5、在校期间有过其他实习经历，比较主动，愿意做招聘；
5、能够连续实习2个月及以上，每周出勤3-4天及以上。
工作时间：
周末双休，办公时间10:00-19:00，中午12:00-14:00休息。
公司提供晚餐（19:00后），办公室常驻4只喵星人，工作之余可以撸猫解压。
【企业介绍】
www.forchange.cn
风变科技是一家人工智能在线教育公司，旗下产品有风变编程、熊猫小课、熊猫书院、优势计划等，产品覆盖用户人数已超600万。
公司早期推出的移动端产品“熊猫小课”、“熊猫书院”致力于帮助职场人士提高自身综合技能，涉及管理学、心理学、社会学、金融、情感、摄影等多个领域的专题。以微专题为基点，扩散并深迈至专题所处大学科及跨学科的知识汇总，首创场景式对话的学习方式，重新定义在线教育，让学习更高效有趣。
目前，公司聚焦于人工智能教育这一垂直领域，于2019年1月15日上线了“风变编程”，产品致力于打造一体化编程教育解决方案。风变编程的课程中心已有《Python小课》、《Python基础语法》、《Python爬虫精进》三个课程。《自动化办公》、《Git与项目实战》、《数据科学》、《人工智能应用》的课程内容在开发中。
风变编程产品最大的教学特色是“交互式课堂+在线作业实操+老师跟踪辅导答疑”。课程以游戏化、趣味性的讲解方式让不同的用户群体都能够轻松掌握编程能力和编程思维。不同于市场上普通采用的录播方式，人机交互的上课方式可以让学员自主控制学习进度。课程支持在线编辑器实操，学员无需安装任何软件即可写代码作业并运行作业结果。此外，课程会每个学员分配专属助教老师，全程陪伴，及时解答学员的各类问题。
风变科技成立于2016年，目前团队规模600+人。风变一直致力于借助科技的技术力量，以数千亿的用户学习行为数据，以认知科学为基础，研究人的认知路径、学习行为和学习过程，重构知识体系，让教学更贴合人的学习习惯，做到真正意义上的“因材施教”，让学习更有趣、知识获取更高效。"
高级爬虫工程师（后台开发）,深圳·南山区·科技园,发布于11月28日,15-26K·13薪,3-5年,本科,秦鸿科技,移动互联网,20-99人,数据清洗，包括调度，http传输协议，打码平台，通信编程,"需求人数：  2人      本科  3-5年
薪资组成：基本薪资+期权+奖金（待遇优厚）
岗位职责:
1、负责爬虫框架的搭建，负责设计、开发、维护、重构分布式的网络爬虫，包括调度、抓取、维护、验证等爬虫工作；
 2、负责定向数据的采集与爬取、解析处理、入库及备份等数据日常工作；
 3、负责抽取算法和数据库建模的调研和设计，保证抽取、去重、分类、解析、增量融合入库等 流程之后的数据结果；
4、对反爬机制有研究，有能力破解复杂图片验证码（非调用打码平台）等。
任职资格:
1、统招大专及以上，5年以上python开发经验，3年以上数据抓取工作经验；
2、精通使用爬虫相关技术，如：python,scrapy,selenium,xpath,正则表达式,在Python爬虫方面具有丰富的经验。
3、熟悉抓包工具(Wireshark,Fillder等)，熟悉网络通信编程，网页抓取原理及技术，熟悉HTTP传输协议，能模拟各类操作爬虫；熟悉爬虫实现原理机制；对分布式和多线程技术有一定了解 ；
4、熟知当前各类反爬手段，并具有应对这些反爬手段的实际经验。
5、有较强的学习能力，对技术有钻研精神，热衷于新技术的学习和实践；
6、具有良好的团队协作精神，思维清晰敏捷，逻辑分析能力强"
PHP,深圳·南山区·科技园,发布于09月08日,8-12K·13薪,1-3年,本科,北科瑞声,数据服务,20-99人,PHP，数据库，查询性能，php框架，lamp环境,"岗位要求：
1 、熟悉lamp环境
2 、精通php编程
3、精通mvc结构的开发模式，了解一些开源的php框架
4 、熟练运用linux+php + postgresql/mysql开发技术，熟练使用jquery，以及ajax等技术
5、熟悉数据库结构设计，大数据量查询性能优化。
工作职责：
1、主要负责网站功能模块的开发，设计,优化及测试
2、参与需求分析，并根据需求文档、前端页面等进行程序编码与测试
3、负责网站日常的开发维护和技术支持工作"
PHP高级开发工程师,深圳·龙华区·龙华,发布于10月22日,8-13K,3-5年,本科,华球通,电子商务,20-99人,PHP，后端开发，javascript，ci框架，熟练掌握php,"职位描述：
1、有2年以上PHP开发经验，并对PHP熟悉使用，能独立二次开发wordpress/opencart/zencart等任何一个系统、同步调用API来实现google ADS广智能推系统。Facebook广告智能系统。部份功能SAAS的应用。多系统组合开发合并。 
2、熟悉企业网站API的调用、B2C电子商务网站流程，能够独立完成网站的开发工作；3、熟练HTML、JavaScript、DIVCSS；4、熟练MySQLServer数据库开发；5、熟练掌握php语言、具备面向对象编程思想OOP，熟悉MVC设计模式,熟练使用TP、shopNC、laravel、CI框架 ,熟练掌握SVN、git版本控制器，了解LAMP环境搭建和配置.熟练使用mysql，了解Redis等nosql的使用,熟练使用composer依赖管理工具；"
PHP开发,深圳·宝安区·西乡,发布于11月09日,15-25K,3-5年,大专,细雨传媒,互联网,100-499人,ThinkPHP，PHP，CSS，SQL，Python,"岗位职责：
1、根据公司的需要对疑难技术问题进行解决；
2、协助为团队成员，提供系统设计优化方案与技术支持；
3、对公司迭代项目进行研发与把控；
4、相关开发文档的编写，项目功能设计；
任职资格：
1、全日制大专以上学历，计算机相关专业，5年及以上的开发经验，有带过团队的优先；
2、精通PHP，mysql，具有OOP的开发经验，熟悉常用的设计模式以及sql调优；
3、熟练使用ThinkPHP框架，熟悉前端css,js,jq,Vue等；
4、熟练使用redis和swoole，熟悉MongoDB和linux命令操作，会简单的运维工作；
5、熟悉web性能优化，保证服务的高可用，有大流量，高并发经验的优先考虑；
6、有python爬虫、微信公众号和小程序开发及微擎开发优先考虑；"
新媒体艺术装置程序编译,深圳·南山区·西丽,发布于03月12日,7-12K,1-3年,本科,有反应信息科技,广告/公关/会展,0-20人,新媒体艺术，程序编译，Python，Swift，C#,"能力需求：至少掌握以下3种语言，类似Python，P5，Swift，C#，C，C++，PHP等。
掌握unity3d、open frameworks、maxmsp、processing、Arduino熟练者优先，能自主钻研新媒体技术，能不断适应需求学习，对艺术感兴趣者优先。
如果您是一位程序编译的牛人，请关注我们。我们是一家创意商店！这里由来自央美、广美、同济大学、香港城市大学的几个90后组织的创意公司，渴望您的加入我们，共同完成一些有趣的、新颖的项目。过去的项目都在深挖与不同企业品牌形象最贴切的想法和创意，做不同的方案定制。以策划为引导、组织不同能力的板块，比如做装置需要的生成艺术家、装置结构设计师、项目管理，甚至是物理学家、生物学家、心理学家等等。我们团队与TED-XShenzhen密切联系成为协作伙伴。更多有意思的牛人一起碰撞出好的作品。我们志愿影响全国新媒体圈子，最终成为行业标杆。我们长期的合作伙伴有（阿里巴云、天猫、腾讯、喜茶、万科、华润、IFC、万宁、统一集团、哈根达斯、必胜客、OPPO……。
有兴趣请联系我们！"
Python工程师,深圳·南山区·南山中心,发布于09月04日,12-18K,3-5年,本科,鼎鼎赞,互联网,1000-9999人,javascript，爬虫框架，爬虫开发，css选择器，Xpath,"1、具有1-2年爬虫开发经验，精通python，熟练使用多线程，熟悉常用的爬虫框架；
2、对数据结构和算法设计有较为深刻的理解，具有良好的沟通能力和团队合作意识;
3、熟悉正则表达式，Jsoup、XPATH，CSS选择器，能够从结构化和非机构化的数据中获取信息,了解各种Web前端技术，包括HTML／XML／JavaScript／AJAX／JSON等;
4、拥抱新技术，有很强的学习能力；
5、懂其他技术点加分。
6、有主流电商平台数据爬取经验优先"
Python开发,深圳·南山区·大学城,发布于07月31日,15-25K·15薪,3-5年,本科,道通科技,智能硬件,1000-9999人,Python，反爬，python多线程，Xpath，Flask,"1.开发自动化测试工具，实现自动化测试平台用例管理、工程管理、定时任务、报告报表、Bug管理等功能。
2.开发自动化框架，实现APP测试自动化、接口测试自动化、WEB测试自动化等能力。
3.开发爬虫程序，完成所需资料的爬取
4.开发其他效率提升相关的工具
任职要求：
1.本科以上要求，3年以上Python应用开发经验；
2.精通Pythony语言，能够通过Python调度Appium、Selenium、Requests、Scrapy等模块及Django/flask等框架
3.能够实现Python爬虫，解决常见的反爬问题
4.熟悉Python多线程、Socket通信开发技术
5.有Appium或Selenium脚本开发经验，掌握xPath元素定位方法，熟悉uiautomator者优先；
6.能承受压力，有较好的表达沟通能力和很强的责任心；"
Python后端工程师,深圳·南山区·科技园,发布于09月14日,15-20K,3-5年,本科,方舟云数,互联网,20-99人,优化经验，Python，后端开发工程师，后端，数据驱动,"【岗位职责】
1、用Python架构、设计、实现产品的后端
2、数据驱动，不断通过产品和技术数据进行改进，并完成快速迭代
3、实现富有挑战性的GrowthHack需求
4、与QA合作进行测试、改进和问题修复工作
【职位要求】
1、本科及以上学历，计算机或相关专业
2、熟悉掌握至少一门编程语言，如Python、C、C++、Golang、Java、Ruby等
3、熟悉Linux\Unix网络编程，Web相关技术栈
4、具备MySQL、PostgreSQL、NoSQL等实际应用和优化经验
5、有扎实的数据结构算法基础，良好的编程风格，有算法竞赛经历优先"
Python软件工程师,深圳·南山区·科技园,发布于06月05日,10-15K,3-5年,本科,华富洋供应链,贸易/进出口,100-499人,Python，后端开发，计算机相关专业本科以上学历，Odoo，python开发,"一、岗位职责：
根据需求，在Odoo平台中进行二次开发；
参与项目设计、代码开发，配合测试，高质量完成项目；
二、任职要求：
1. 计算机相关专业本科以上学历；
2. 3年及以上Python开发经验；
3. 熟悉ORACLE、Mysql、PostgreSQL等数据库开发；
4. 2年及以上的ERP开发经验；
5.有2年及以上的Java开发经验；"
pyhton运维开发工程师,深圳·南山区·科技园,发布于11月19日,15-20K,5-10年,大专,网脊科技,计算机软件,0-20人,Python，Java，javascript，运维开发工程师，监控运维,"工作职责：
1.参与监控运维项目的开发和维护。
2.参与日志分析系统的开发和维护。
任职要求：
1.熟悉python，6年以上工作经验。
2.熟悉Django,Flask框架中至少一种，有运维和监控的相关工作经历。
3.熟悉linux系统，具有高度责任心，较强抗压能力及良好职业道德。
4.熟悉web开发技术，如HTML、JQuery、JavaScript，Ajax优先。"
Python 软件开,深圳·南山区·科技园,发布于12月06日,10-15K,5-10年,本科,云估价,数据服务,100-499人,Python，Java，Nutch，Heritrix，爬虫框架,"岗位职责：
1、负责爬虫系统的架构设计，系统搭建；
2、研究分析目标对象，对爬取的数据进行加工处理（清洗、存储、检索等）；
3、设计爬取、调度和抽取算法，优化爬虫策略和防屏蔽规则，提升抓取的效率和质量；
4、及时解决爬取过程中出现的问题并不断优化程序；
5、入职后期会着手公司新产品的web后端开发任务。
技能要求：
1、计算机软件相关专业，本科及以上学历；
2、至少精通java、Python、C#一门开发语言、精通SQL、有相关非结构化数据库开发经验；
3、熟悉多线程、网络通信编程，擅长数据结构分析，熟悉高并发、高性能的分布式系统的设计及应用；
4、精通至少一种开源爬虫框架（如scrapy、webmagic、nutch、heritrix等），有开发爬虫框架经验优先；熟悉反爬虫、验证码识别技术者优先；
5、有大规模分布式海量数据处理经验（Hadoop/Hbase/Spark/Strom/Flink等）；
6、有丰富的自然语言处理、搜索引擎、机器学习、人工智能等行业经验优先；
7、具备较强团队合作与敬业精神，富于创新，拥有较强的研究能力、学习能力与执行能力。"
运维工程师,深圳·宝安区·西乡,发布于09月03日,12-24K,3-5年,大专,兴隆文化,互联网,20-99人,SRE，Shell，Python，系统运维，容器技术,"工作职责：
1、负责运维体系的建设优化，推动自动化、标准化流程与体系建设； 
2、实施运维相关项目实施与落地（CICD、DevOps、SRE、容器化）；
3、负责公司所有应用、服务器、数据存储、安全的运维管理工作；
4、保障运维系统的正常工作和应急响应。 
岗位要求： 
1.全日制统招大专及以上学历（对某一方面运维技术精通，可适当放宽），3年以上实际运维经验，互联网,电商，音视频，流媒体，CDN等行业大规模运维经验背景者优先；
2.大规模（100台以上服务器）运维经验，公有云管理经验、容器化（docker、k8s）虚拟化（kvm、openshift）实施经验优先；
3.熟悉操系统、网络、存储原理；能熟练使用相关工具做运维管理、故障诊断、性能调优（ansiable、saltstack、SystemTap、bpftrace等）；
4.精通至少1门语言（Shell、Python、golang），有python爬虫、模拟接口测试开发经验优先；
5.熟悉常见应用、中间件集群部署与维护（Redis、MySQL、ES等）经验； 
6.熟悉zabbix、Prometheus、ELK等运维日常工具体系，有granfana或者kibana dashboard经验更好；
7.有较强的执行能力、抗压能力和安全意识。
福利待遇：
我们致力于为所有员工打造一个舒适、轻松的工作环境，为大家提供一个广阔的职业发展平台，更为大家提供：
1.待遇：高薪+绩效奖金+年终奖
2.为员工购买社会保险（生育、养老、工伤、失业、医疗）
3.享受不定期下午茶、公司活动、过节礼品、员工旅游。
4.享受国家法定节假日、带薪年假、年终奖等福利。
5.生日Party，公司为每位员工组织生日会，分享喜悦。
6.办公环境：优雅、干净、整洁的办公环境，轻松、愉快的工作氛围。"
PHP,深圳·宝安区·西乡,发布于10月20日,15-25K,5-10年,大专,赤子网络,媒体,100-499人,MVC开发，PHP，MySQL，CSS，SQL,"岗位职责：
1、根据公司的需要对疑难技术问题进行解决；
2、协助为团队成员，提供系统设计优化方案与技术支持；
3、对公司迭代项目进行研发与把控；
4、相关开发文档的编写，项目功能设计；
任职资格：
1、全日制大专以上学历，计算机相关专业，5年及以上的开发经验，有带过团队的优先；
2、精通PHP，mysql，具有OOP的开发经验，熟悉常用的设计模式以及sql调优；
3、熟练使用ThinkPHP框架，熟悉前端css,js,jq,Vue等；
4、熟练使用redis和swoole，熟悉MongoDB和linux命令操作，会简单的运维工作；
5、熟悉web性能优化，保证服务的高可用，有大流量，高并发经验的优先考虑；
6、有python爬虫、微信公众号和小程序开发及微擎开发优先考虑；"
python软件开发,深圳·龙岗区·坂田,发布于11月23日,13-26K,3-5年,本科,软通动力集团,移动互联网,10000人以上,Python，Web框架，Django框架，python开发，监控后台,"1. 3年（16年毕业）以上python后台工作经验，python后端开发，python爬虫，都需要。。
2. 熟练掌握python开发语言，有扎实的编程能力
3. 熟练掌握一种及以上Web框架，Django框架优先
4. 熟悉mysql、redis、mongodb等数据库开发
5. 熟练应用linux操作系统，能够在服务器端进行代码的部署与调整
6. 具备较好的编码习惯，熟悉git，docker，nginx等技术
7. 较好的团队协作和抗压能力
工作内容
1. 根据用户需求文档，进行机器人的用户交互功能相关的后台开发
2. 负责机器人后台监控与系统管理的后台开发
3. 在与协力厂商开发方案中，负责技术沟通与开发
4. 负责机器人后台项目的运维作业
5. 执行上属交办工作任务"
PHP开发工程师,深圳·南山区·科技园,发布于04月11日,9-18K,3-5年,本科,安捷宝,互联网金融,20-99人,PHP，Memcache，LNMP，php项目，LAMP,"www.StudyMindfully.com 网上有合肥耐兮科技的简介和招聘。我们是做全球人工智能在线教育(Global Online Education Artificial Intelligence)。 
深圳是我们的分公司，AI教育学习平台https://www.YiDianDouBuNan.com
招聘 高级PHP开发工程师 多名 
岗位职责： 
公司产品系统框架设计系统的后端业务逻辑实现与优化数据库优化和系统的负载平衡方案与web前段工程师合作，高效完成产品的整体实现 
任职要求： 
1. 熟悉PHP实现和工作原理,有三年以上的PHP项目开发经验;
2. 熟练掌握LNMP/LAMP开发,并具备良好的编程风格;
3. 熟悉 mysql,掌握 mysql.分区、分表、集群等相关设计方案;
4. 有优化过MySQL/mongo/redis/nginx等经验;
5. 了解 memcache、 redis、 mongodb等常用nosq解决方案,了解各自的优缺点以及使用场景
6. 熟悉HTML、CSS等前端知识;
7. 优良的编码习惯，重视代码质量。深刻理解 Web 应用相关的标准; 
8.热爱编程，熟悉python开发，对技术有执着的追求，对php/nodejs/golang、网络爬虫、数据挖掘、机器学习等有具体应用实战经验者优先考虑(非主要因素);
9. 工作态度认真，踏实，学习能力强，勇于探索新技术，较强的独立解决问题的能力。勤于思考，对产品有想法。有良好的团队合作精神和沟通能力。
有意向可加微信:*****"
运维工程师,深圳·南山区·南头,发布于12月06日,8-9K,3-5年,学历不限,斑马线上,广告营销,500-999人,数据处理，机房运维，数据架构，运维效率，运维方式,"岗位需求：
1.       负责公司机房网络部署，保障网络安全、通畅、稳定运行；
2.       能够独立配置路由器、交换机、服务器和各类终端设备，保障其正常稳定运转；
3.       熟练安装运用各类常用服务器软件、Android软件；
4.       能够分析系统瓶颈与架构合理性，促进服务架构优化，通过工具与平台的建设，提升运维效率；
5.       熟练掌握自动化运维、监控工具、自动化部署工具；
6.       有kubernetes、swarm、docker运维经验优先；
7.       熟悉 Hadoop、Kafka、Elasticsearch等组件原理及运维方式；
8.       有大数据处理，python爬虫经验优先；
9.       良好的文档书写与交流能力,对运维工作有浓厚兴趣;
10.   计算机相关专业专科以上学历，1年以上服务器运维管理相关工作经验,有海量服务运维经验优先。"
PHP开发工程师,深圳·宝安区·翻身,发布于07月15日,10-20K,3-5年,学历不限,人人海淘,电子商务,20-99人,javascript，Yii，LNMP，精通php，php项目,"岗位职责：
1. 使用PHP语言开发互联网应用程序
2. 网站产品和网站功能模块的开发与维护
3. 与页面设计师协调沟通，编写部分Javascript和HTML
4. 移动网站接口开发与后台管理系统开发、维护、管理
职位要求：
1. 至少2年以上的PHP项目开发经验，具备良好的代码程序设计习惯及较强的文档编写能力
2. 精通PHP面向对象开发，熟练掌握HTML语言、JavaScript脚本语言
3. 熟悉LNMP配置管理
4. 熟练掌握mysql等数据库和SQL编程语言；大量数据和高并发处理有经验者优先；在Mongo,Redis等缓存技术方面有经验者优先
5. 熟练掌握Yii, Yaf, ThinkPHP等框架至少一种
6. 熟悉PHP代码和Web应用部署层面的可能的安全隐患并提供对应的解决方案
7. 有良好的沟通、协调能力和学习能力，具备良好的团队合作精神，对工作积极严谨踏实，能承受较大的工作压力
8. 有开发过B2B、B2C大型商城项目经验者优先；
公司扁平化管理，只要你肯拼，回报将有无限大！期待你的加入与团队共同进步，优秀人才可以成为事业合伙人。有期权激励。"
全栈PHP工程师,深圳·罗湖区·火车站,发布于06月30日,15-30K·13薪,3-5年,本科,焕焕,O2O,20-99人,全栈，PHP，建立业务模型，Laravel框架，精通php,"岗位职责
1.参与系统及相关产品架构、设计、开发，对模块功能及进度负责;
2.优化项目开发流程，制订计划，部署工作任务，保证质量;
3.负责从业务需求建立业务模型，并分解成开发任务;
4.负责网站性能优化和异常问题排查，协助各类异常处理.负责平台网站建设与维护;
5.跟进工作领域中的新技术，解决平台产品开发相关难点问题，对下属进行指导和解惑;
6.研究和探索创新的开发思路和前沿的技术，应用到团队与产品中;
7.参与重大项目的立项工作，技术论证和架构设计;
8.负责项目中自动化工具、项目管理工具的研发制作工作;
岗位要求：
1.本科以上学历，3-5年开发经验，相关专业毕业；
2.熟悉开源软件，了解最新的技术及发展趋向，网络知识经验丰富;
3.精通PHP，接触过更多的编程语言是加分项；
4.具备基础的前端开发技能；
5.精通laravel框架，熟练掌握linux操作技能；
6.了解常见大型网站架构，对PHP性能调优，基于框架性能调优，整站调优等有一定见解；
7.具有分布式架构的项目经验；
8.具有良好的团队沟通与协作能力；
9.拥有良好的代码习惯，要求结构清晰，命名规范，逻辑性强，代码冗余率低。"
Java工程师,深圳·南山区·蛇口,发布于10月10日,8-12K,3-5年,本科,大地创想,建筑设计,20-99人,Java，系统架构，精通spring，高并发，精通java,"1.主导公司OA系统的定制开发工作！长链接.即时通信系统。 
2.有3年以上J2EE开发经验；
3.精通java，精通springboot，SpringMVC、Spring、MyBatis开发框架；
4.精通mysql、Oracle任一数据库，精通sql编写；
5.精通redis缓存；
6.熟悉Linux常用操作，有一定shell编写能力；
7.具备较强的问题处理能力，能够独立承担开发任务；
8.具备良好的沟通能力和团队精神，抗压能力强；
9.有高并发、大数据项目经验者优先录用；"
Docker开发工程师,深圳·南山区·科技园,发布于10月15日,20-40K,3-5年,本科,腾讯,互联网,10000人以上,Linux，计算资源，Docker容器，Docker，开发工程师,"岗位职责： 
负责计算平台的研发和运营，包括但不限于： Docker/kvm等计算资源的管理调度； 平台整体利用率提升及可用性保障； Serverless平台的性能、可用性、可运营优化；
岗位要求： 
本科以上学历，3年以上工作经验； 后台开发能力扎实，精通linux底下c/c++开发，熟练应用go，python等； 熟悉数据结构，计算体系结构，操作系统内核原理，TCP协议栈等； 热爱技术，具备快速学习能力，做事情严谨踏实，有合作精神； 满足以下条件优先： 有k8s或其它docker容器平台研发运营经验； 有serverless平台研发运营经验；"
python（兼职讲师）,深圳·南山区·南油,发布于03月04日,30-60K,5-10年,大专,自兴信息,数据服务,100-499人,Python，Web框架，授课任务，python开发，精通python,"岗位职责
1.研发python课程内容及课件；
2.按照教学大纲、教学进度，高质量地完成日常授课任务；
3.配合市场部门的招生宣传工作。
任职资格
1.计算机相关专业；
2.2年以上Python开发经验；
3.精通Python全栈开发，精通Django等Web框架；
4.有Python网络爬虫相关开发经验优先；
5.有授课经验优先。"
运维工程师,深圳·宝安区·西乡,发布于09月12日,12-20K,3-5年,大专,码尚创新,贸易/进出口,20-99人,SRE，系统运维，SaltStack，ELK，Zabbix,"工作职责：
1、负责运维体系的建设优化，推动自动化、标准化流程与体系建设； 
2、实施运维相关项目实施与落地（CICD、DevOps、SRE、容器化）；
3、负责公司所有应用、服务器、数据存储、安全的运维管理工作；
4、保障运维系统的正常工作和应急响应。 
岗位要求： 
1.全日制统招大专及以上学历（对某一方面运维技术精通，可适当放宽），3年以上实际运维经验，互联网,电商，音视频，流媒体，CDN等行业大规模运维经验背景者优先；
2.大规模（100台以上服务器）运维经验，公有云管理经验、容器化（docker、k8s）虚拟化（kvm、openshift）实施经验优先；
3.熟悉操系统、网络、存储原理；能熟练使用相关工具做运维管理、故障诊断、性能调优（ansiable、saltstack、SystemTap、bpftrace等）；
4.精通至少1门语言（Shell、Python、golang），有python爬虫、模拟接口测试开发经验优先；
5.熟悉常见应用、中间件集群部署与维护（Redis、MySQL、ES等）经验； 
6.熟悉zabbix、Prometheus、ELK等运维日常工具体系，有granfana或者kibana dashboard经验更好；
7.有较强的执行能力、抗压能力和安全意识。
福利待遇：
我们致力于为所有员工打造一个舒适、轻松的工作环境，为大家提供一个广阔的职业发展平台，更为大家提供：
1.待遇：高薪+绩效奖金+年终奖
2.为员工购买社会保险（生育、养老、工伤、失业、医疗）
3.享受不定期下午茶、公司活动、过节礼品、员工旅游。
4.享受国家法定节假日、带薪年假、年终奖等福利。
5.生日Party，公司为每位员工组织生日会，分享喜悦。
6.办公环境：优雅、干净、整洁的办公环境，轻松、愉快的工作氛围。"
Java爬虫工程师,深圳·宝安区·西乡,发布于11月16日,12-18K,3-5年,大专,义合信达,计算机软件,20-99人,后端开发，网络爬虫技术，Java，Python，Java爬虫,"1、熟悉python爬虫开发；
2、熟悉java后端开发；
大专以上学历，3年以上相关经验"
机器学习系统工程师（深圳）(003931),深圳·宝安区·宝安中心区,发布于05月09日,25-50K,3-5年,本科,vivo,移动互联网,10000人以上,Java，iBATIS，Hive，机器学习，系统工程师,"岗位职责:
1、负责机器学习平台的建设，以支持推荐系统， 广告系统， 搜索引擎等相关业务
2、负责大型分布式人工智能算法的实现
3、负责解决在大数据量，大吞吐量和并发量下的算法计算效率问题
4、负责提高机器学习pipline的实现效率
任职资格:
1、熟悉NLP/图像/推荐算法和系统/信息检索/计算广告。 
2、编程能力强，熟练使用Java、C/C++、Python至少一种编程语言, 熟悉linux开发环境。 
3、熟悉hadoop,spark,hive等大数据框架,或熟悉spring,ibatis,redis等信息应4、用开发框架,熟悉tensorflowd的优先
有分布式计算系统和大数据计算系统开发经验
5、具备良好的沟通和表达能力，对信息流的用户体验上有自己的想法，有较好的产品意识者优先。"
安卓逆向工程师,深圳·宝安区·新安,发布于09月27日,20-30K,3-5年,学历不限,维商国际,电子商务,20-99人,Java，C++，Android，移动端，Python,1、至少3年及以上Android研发或者Android逆向研发经验，有过大型app逆向经验者优先；2、熟练掌握软件逆向静态分析、动态调试、代码跟踪等；3、熟悉Android安全机制，了解打包、反编译、破解流程；4、熟悉IDA等常用逆向工具，掌握基本的逆向调试方法；5、熟悉EdXposed等AndroidHook框架的使用以及原理，熟悉EdXposed源码者优先；6、熟悉http，tcp等协议的抓包工具使用；7、熟悉arm、x86汇编、Smali语法、Java或C/C++语言，对逆向工程有浓厚兴趣；8、精通Java基础，熟悉Java反射；9、了解常见加壳和脱壳原理；10、熟悉短视频账号矩阵系统优先；工作职责1、负责AndroidApp的逆向分析工作2、负责EdXposed的源码二次开发。3、负责编写EdXposedhook代码。4，熟练python爬虫和制作脚本
C++,深圳·南山区·科技园,发布于10月16日,19-35K,3-5年,本科,中安按揭,租赁/拍卖/典当/担保,100-499人,C#，C++，C，Python爬虫,所以价格都要注意是否过效果很好
高级Python工程师,深圳·南山区·南山中心,发布于09月11日,15-25K,5-10年,本科,环球易购,电子商务,1000-9999人,机器学习，Python，计算机相关专业本科以上学历，爬虫框架，爬虫开发,"岗位职责：
1、负责公司选品系统的设计、开发、维护工作
2、分析业务的技术可行性，根据业务文档设计开发相应的模块；
3、构建基于用户、产品、交易场景等高性能、强适应、可扩展数据挖掘模型和框架，有效支撑精准营销、运营以及推荐等业务需求；
任职要求：
1、数学，统计，计算机相关专业本科以上学历
2、熟悉Python以及数据分析相关工具
3、有爬虫开发经验，熟悉scrapy-redis爬虫框架
4、熟悉MySQL数据库，mongodb数据库
5、有良好的沟通、理解能力，逻辑思维强，能够独立思考以及解决问题；
6、有elasticsearch 实战经验者优先
7、有数据分析、机器学习相关经验者优先"
高级软件工程师,深圳·南山区·南头,发布于05月02日,15-30K,3-5年,本科,慧智星晨,计算机软件,0-20人,Android，javascript，存储解决方案，高级软件工程师，软件,"工作职责:
1. 负责软件的架构设计和详细设计、代码编程。完成对软件的调试和测试工作；
  2. 编写产品功能的技术设计文档；
  3、移植成熟的算法到产品中；
  4、对产品中的算法进行针对性的优化，达到产品要求；
  5、维护图像算法在产品中的应用；
 
任职资格：
1. 计算机软件背景，有3年以上工程经验；
2. 熟练C/C++，Python, Java, C#语言；
3. 具备全栈开发经验，包括安卓APP前端、后端；
4. 熟悉Web前端技术，包括JQuery，React、CSS、Javascript、Responsive web等前端技术的一种或者几种；
5. 熟悉MySQL或其它相关存储解决方案；
6. 具有以下技能者优先考虑：
（1） 有算法性能分析、优化、深度学习、图像处理相关经验者优先；
（2） 有人脸识别，行人检测，视频分析，三维建模，动态跟踪，车识别，目标检测跟踪识别相关经历者优先考虑；
（3） 熟悉开发流程及嵌入式或汽车电子系统软、硬件开发；
7. 具备良好的合作态度和团队精神，乐于学习，工作有激情，富有责任感；
简历请投递至：*****
邮件标题形式为：姓名+应聘职位+毕业院校+联系电话"
全栈Java开发工程师,深圳·罗湖区·火车站,发布于03月06日,15-30K,3-5年,本科,茵马科技有限公司,移动互联网,0-20人,全栈，Java，Vue，Node.js，iBATIS,"全职全栈工程师工作范围：
1、扎实的Java编程基础，精通Java EE、SOA、OSGI等相关技术；对各种开源的框架如Spring，iBatis等有深入的了解。对框架本身有过开发火重构者可有限考虑。
2、三年以上大型数据库如MySQL使用经验、大规模高并发访问的Web应用系统设计和开发经验；
3、熟悉掌握unix/linux操作系统。对常用命令运用娴熟，能够根据实际需要快速编写Shell脚本。
4、具备良好的HTML/CSS/JS前端基础，有 react/vue 等主流框架开发经验，并深入理解其原理;
5、精通Javascript等web开发技术，精通HTML、CSS等网页制作技术，熟悉页面架构和布局；
6、熟悉ES6、Vue、React等语言开发；
7、熟悉Node.JS、Webpack等前端自动化，能自己编写自动化任务。
8、具备良好的识别和设计通用框架级模块能力；
9、较强的表达和沟通能力；工作认真、严谨、敬业、工作效率高、有精益求精的精神；对系统质量有完美的要求意识；
10、具有大型电子商务网站以及社交网站系统设计与研发经验背景者优先。"
Java高级开发工程师,深圳·龙华区·龙华,发布于08月31日,15-25K,3-5年,大专,英华方舟,计算机软件,20-99人,Java，Python，SQL，服务器配置，MySQL,"岗位职责：
1、配合架构师主导产品的软件架构，保证架构设计能够满足产品的功能需求、性能需求、可靠性需求、可维护性需求和可扩展性需求和安全性需求；
2、承担关键攻关任务的同时，能够指导初中级工程师，组织团队技术分享，促进团队成员共同进步；
3、按照项目计划，按时提交高质量代码，完成开发任务，有独立分析和解决问题的能力。
4、负责编制有关开发文档。
5、配合技术负责人进行技术决策，评估技术风险。
6、配合其他开发人员的工作，完成领导安排的其他事情。
技能要求
1. JAVA基础扎实，精通一种微服务架构；数据结构和算法基础扎实，了解常用设计模式，熟悉IO、NIO、多线程、集合等基础框架.熟悉Spring Boot、Spring Cloud、MyBatis等；
2. 熟悉网络通讯协议,TCP/IP、Http、Https、WebSocket、Netty、Tomcat以及各种RPC通讯协议和原理，并能做优化设置，熟悉VertX框架等；
2. 精通Mysql数据库相关优化，熟悉Redis、消息中间件(RabbitMQ,Kafka)、MongoDB、ES搜索引擎者优先；
3. 熟悉以下技术栈的：Nacos，XXL-JOB，Docker，Gradle，Nginx，Spring Cloud Gateway；
4. 有实际分布式系统、saas系统设计的优先；
5.熟悉JVM常见优化方法
6.熟悉Python爬虫方案优先考虑
7.具备良好的需求理解能力、沟通协作能力、抗压工作能力，有较强团队精神和敬业精神。
经验要求
1. 有电商平台开发相关工作经验3年及以上优先;
2. 具备Amazon/eBay/AliExpress/淘宝/JD等电子商务平台 API 接口开发经验者优先；
3. 有API服务开发经验的优先。"
python爬虫工程师,深圳·宝安区·新安,发布于昨天,12-15K,1-3年,大专,星意美,互联网,20-99人,Python，爬虫框架，分布式爬虫，反爬虫，PhantomJS,"岗位职责：
1、负责爬虫程序的设计，搭建系统框架，开发分布式网络爬虫系统；
2、研究网页特点和规律，对网页信息进行分类、数据的提取、清洗、入库等一系列流程操作；
3、解决常见的反爬虫问题；
4、爬虫程序的维护和迭代。
岗位要求：
1、熟练使用Requests/xpath/Selenium/PhantomJS等Python库；
2、熟悉关系型数据库(MySQL/PostgreSQL/Oracle)，缓存数据库(Redis/Memcached)；
3、精通一种开源爬虫框架，如scrapy等，有开发爬虫框架、构建过分布式爬虫系统者优先；
4、有解决复杂的反爬虫经验，能解决如验证码、滑块、账号限制、IP限制等问题。"
python爬虫实习生/应届生,深圳·南山区·科技园,发布于11月27日,5-8K,1年以内,大专,称霸网络,互联网,20-99人,多线程，装饰器，异步框架，Python爬虫，实习生,"1、熟练运用装饰器方法
2、熟悉分布式、多线程/协程/进程;
3、熟悉celery异步框架；
4、熟悉Mysql/Redis/RabbitMQ等常见组件
5、熟悉git flow工作流；
6、熟悉分布式系统，对网络和并发编程有丰富的经验；
7、熟悉Linux平台，能熟练使用脚本语言进行系统日志分析者优先；
8、喜欢尝试新技术，对于使用过的开源软件，能了解到它的原理和机制。
加分项：
1、有主流电商网站抓取经验；
2、了解安卓或者ios逆向；"
Python爬虫工程师,深圳·南山区·海岸城,发布于11月02日,15-30K,3-5年,本科,房极客,互联网,100-499人,数据仓库，数据库建模，采集数据，ip限制，反爬,"岗位职责：
1. 参与爬虫服务架构的设计和研发
2. 负责开发爬虫系统，完成数据采集与爬取、解析处理、入库及备份等数据日常工作
3. 研究各种网页探寻特点和规律，负责网页信息抽取、数据清洗等研发和优化工作
4. 负责抽取算法和数据库建模的调研和设计，保证抽取、去重、分类、解析、增量融合入库等流程之后的数据结果
5. 对反爬机制有研究，有能力破解复杂图片验证码/账号限制/ip限制
任职要求：
1. 掌握Python语言。至少2年以上爬虫开发经验。
2. 熟悉多种网络协议，HTML、Xpath表达式，css选择器
3. 掌握数据库：MySQL，Redis，MongoDB等
4. 熟悉Git，Linux系统
5. 具有分布式、多线程/协程/进程的编程经验，有可证明的良好编码习惯，
6. 强烈的责任心与主动性，对所负责工作有owner意识，并能自我驱动成长；
加分项：
1.有MongoDB调优经验
2.github有个人项目
3.有Android/Windows/JS逆向经验
4.了解Docker，K8s，Jenkins"
python爬虫工程师,深圳·龙华区·龙华,发布于11月12日,6-8K,1-3年,大专,易上科技,移动互联网,20-99人,Python，核心技术研究，抓包，利用策略，反爬虫,"岗位职责：
1.负责设计、开发、维护爬虫系统；
2.积极主动思考探索爬虫在实际业务中的价值，参与设计数据有效利用策略，从数据合理性、完整性角度提供建议。
3.完成数据采集与爬取、解析处理、入库等数据日常工作，跟进技术热点，及时更新新的爬虫功能。
4.负责爬虫核心技术研究、开发工作，对反爬虫屏蔽具有相应的应对策略。
4.实现数据提取、清洗、结构化、入库、统计分析等需求。
任职要求：
1、精通Python(3)编程语言，熟悉常用的爬虫框架scrapy、pyspider等；
2、熟练python Web框架 Django、Flask；
3、Python语言基础扎实，有良好的编程功底和编码习惯，熟悉Java优先；
4、熟悉HTTP、HTTPS等网络协议及数据抓包、分析；
5、掌握相关的数据存储工作，mysql、Redis、MongoDB有数据库调优的经验；
6、熟悉APP（熟悉APP数据爬取为必须）、PC端等数据采集；
7、熟悉反爬虫机制，处理账号限制、复杂验证码、模拟登陆等疑难问题；
8、熟悉评论采集等常见数据采集任务。"
python前端工程师,深圳·宝安区·西乡,发布于16:32,6-10K,1年以内,本科,沁泽通达,互联网,100-499人,前端，HTML5，Python，前端工程师，人才孵化,"ZESTNATION  WANT  YOU
沁泽通达，落座于U谷智创人才孵化中心，成立于2014年，
虽年轻，但一路走来,
从精铺到精品走向今天的品牌，
从去年开始陆续引进国内外及行业标杆企业的优秀人才，
经历风雨后，沉淀的是丰富的运营经验和对品牌独到的见解。
沁泽通达，有自己的DNA，有自己独特的灵魂，
在这里，你能充分表达自己对人和生活的态度，
在这里，你能找到自己真正的意义和价值。
如果你想要
1.把市场，产品，融汇贯通
2.更自由的发挥自己的想法
3.向“拘泥一格、墨守成规”SAY  NO!
那加入沁泽通达吧，我们彼此需要
沁泽通达可以给你
1、每周六超级nice的大boss带来的爱心早餐，平时的早餐饭票，还有精致下午茶；
2、入职购买五险一金；
3、所有法定假期均按照国家规定执行，享有所有法定节假日以及带薪年假、婚假、产假、陪产假且按照全薪计算以上假期；
4、公司有VR游戏机、呼啦圈、乒乓球、台球桌等健身器材和娱乐设施，定期举行各类运动和活动，丰富员工的业务生活；
5、定期组织各类团队活动： 每月部门聚餐、生日会、一年固定两次旅游、拓展活动等；
6、节日期间按照员工需求提供应节福利；
7、享有月度绩效奖金、季度奖金、年终奖及员工特殊贡献奖励。
岗位要求：
1.计算机相关专业, 具有 web 开发经验
2.掌握 Html5, CSS, JS, Ajax等前端技术
3.熟悉 Linux 与 Git的使用
4.熟悉 Flask 或 FastApi web开发框架
5.熟悉 Mysql, Redis 数据库
6.了解Requests, Scrapy爬虫模块与框架的使用
       
岗位职责：
1.协助团队开发爬虫项目，维护爬虫项目的日常运行
2.协助团队进行跨境电商数据采集和数据自动化方面的工作
3.主要负责基于Python技术的Web项目开发
4.完成领导布置的其他工作。"
python讲师/教育机构,深圳·南山区·海岸城,发布于11月05日,10-15K·13薪,经验不限,本科,小码教育,在线教育,1000-9999人,讲师，steam教育，素质教育，少儿编程，教学答疑,"1、主要负责讲授青少年编程课程；
2、按照公司制定的教学计划，高质量完成教学任务；
3、负责班级日常管理和维护工作；
4、负责学生辅导和教学答疑等工作；
5、参与优化和创新教学课程体系；
6、配合其他部门完成相关工作。
7、python新讲师培训；
8、教学品质督查
任职要求：
1、本科及以上学历；
2、掌握python语法基础，数据结构和算法；
3、热爱教育事业，有良好的敬业心；
4、能主动与学生沟通，关心学生，并督促学生认真学习；
5、普通话标准，语言表达能力强，逻辑思维清晰，具有优秀的沟通技巧"
Python爬虫开发,深圳·南山区·蛇口,发布于11:31,12-24K,5-10年,本科,雷神科技,计算机软件,100-499人,Python，消重，javascript，Celery，反爬,"负责：
参与设计和开发分布式高并发网络爬虫系统，进行多平台信息的抓取和分析工作，实时监控爬虫的进度和警报反馈
网页和APP分析、数据抽取、清洗、消重等工作
要求：
1、计算机相关专业；
2、熟练掌握 Python/Java/JavaScript 任意语言，Python 优先；
3、熟悉 HTML、XPath、正则表达式、AJAX、HTTP协议等；
4、熟悉Scrapy、Flask、celery、requests等框架；
5、熟悉爬虫抓取原理，掌握APP\PC逆向分析，JS混淆、字体等反爬解决技能；
5、熟悉高并发、分布式、异步、多线程、逆向分析等爬虫技术（重点）；
6、熟悉关系型数据库、非关系型数据库(MongoDB)、缓存数据库(Redis/Memcached)；
7、有良好的逻辑思维能力、沟通能力、学习能力、团队合作精神。
8、具有攻克难题的强烈兴趣以及提升技术能力的意愿"
python爬虫开发,深圳·南山区·科技园,发布于09月17日,15-25K,5-10年,大专,雷神科技,计算机软件,100-499人,Python，Linux，网络爬虫技术，通用网站，爬虫框架,"岗位职责：
1、负责相关网站、论坛的爬虫设计和开发，以及策略持续优化；
2、分析结构化和非结构化数据，并对数据抓取、信息提取、去重、清洗；
3、解决反爬疑难问题，设计及优化爬虫系统等。
任职要求： 
1、本科及以上学历，计算机软件或相关专业，三年及以上python开发经验；
2、掌握网络爬虫开发原理，熟悉互联网各种类型数据交互模式；
3、掌握HTML，JS，精通JS逆向，精通常见的反爬虫技术如文本混淆反爬虫、验证码等；
4、精通一种爬虫框架，对分布式爬虫、海量数据采集有深刻的理解；
5、熟练掌握正则表达式、XPath等信息抽取技术；
6、有通用网站和论坛爬取及解析的经验如Readability、Newspaper等。"
Python,深圳·龙岗区·坂田,发布于11月23日,13-26K,3-5年,本科,软通动力,计算机软件,10000人以上,Python算法工程师，Python，Linux，后端开发，爬虫工程师,"要求：1、 熟悉Linux 基础，熟悉操作系统2、 熟悉python开发或者python爬虫都缺；3、 积极上进，有较强的抗压能力；4.2年以上经验，龙岗坂田华为业务
我们有python后台开发或者分析或者爬虫岗位都有，上班也有在东莞松山湖的，你可以根据自己情况做选择。"
数据分析师,深圳·南山区·科技园,发布于11月24日,13-20K,3-5年,本科,鼎鼎赞,互联网,1000-9999人,Sklearn，数据分析师，全日制本科及以上学历，计算机，软件,"1、全日制本科及以上学历，计算机、软件、电子、统计等相关专业；
2、一年以上python数据处理分析经验，熟练使用numpy、pandas、sklearn等python开源库；
3、会python爬虫优先；
3、有python文本分析经验，掌握字符串处理、正则匹配等常规文本处理方法；
4、会数据库语言
 
岗位职责：
1、 有金融行业数据分板经验  风控经验更佳"
Python 开发,深圳·南山区·大学城,发布于11月26日,20-40K,3-5年,本科,道通科技,智能硬件,1000-9999人,Python，Java，反爬，python多线程，Xpath,"工作职责：
1、开发自动化测试工具，实现自动化测试平台用例管理、工程管理、定时任务、报告报表、Bug管理等功能；
2、开发自动化框架，实现APP测试自动化、接口测试自动化、WEB测试自动化等能力；
3、开发爬虫程序，完成所需资料的爬取；
4、开发其他效率提升相关的工具。
任职要求：
1、本科以上要求，3年以上Python应用开发经验；
2、精通Pythony语言，能够通过Python调度Appium、Selenium、Requests、Scrapy等模块及Django/flask等框架；
3、能够实现Python爬虫，解决常见的反爬问题；
4、熟悉Python多线程、Socket通信开发技术；
5、有Appium或Selenium脚本开发经验，掌握xPath元素定位方法，熟悉uiautomator者优先；
6、能承受压力，有较好的表达沟通能力和很强的责任心；"
PHP开发主管,深圳·宝安区·西乡,发布于昨天,20-25K,5-10年,本科,细雨传媒,互联网,100-499人,MySQL，Redis，MongoDB，PHP，Python,"岗位职责：
1、根据公司的需要对疑难技术问题进行解决；
2、协助为团队成员，提供系统设计优化方案与技术支持；
3、对公司迭代项目进行研发与把控；
4、相关开发文档的编写，项目功能设计；
任职资格：
1、全日制大专以上学历，计算机相关专业，5年及以上的开发经验，有带过团队的优先；
2、精通PHP，mysql，具有OOP的开发经验，熟悉常用的设计模式以及sql调优；
3、熟练使用ThinkPHP框架，熟悉前端css,js,jq,Vue等；
4、熟练使用redis和swoole，熟悉MongoDB和linux命令操作，会简单的运维工作；
5、熟悉web性能优化，保证服务的高可用，有大流量，高并发经验的优先考虑；
6、有python爬虫、微信公众号和小程序开发及微擎开发优先考虑；"
高级RPA工程师,深圳·南山区·西丽,发布于11月16日,15-30K,5-10年,本科,先达数据,计算机软件,20-99人,Java，Python，爬虫项目，Scrapy，.NET,"技能要求：
.NET，Pandas，Java，Selenium，python爬虫
工作内容：
1、负责根据用户需求及设计方案，应用RPA(机器人流程自动化)软件为用户的应用场景进行流程实施，配置，测试，交付及后期维护工作；
2、在项目实施过程中负责与业务团队及用户进行有效沟通；
3、在团队及项目实施中积极主动推动工作按期优质完成；
4、与业务部门及用户识别业务潜在RPA项目。
5、研发项目框架搭建及技术团队的管理工作。
任职要求：
1、5年以上软件开发工作经验；
2、熟练掌握.NET、python、JAVA、Pandas、Selenium中的一种以上语言的技能，有RPA相关认证者优先；
3、熟悉开发流程及代码规范、异常处理等，以及相关开发文档的撰写；     
4. 从网页搭建入门Python Web；主流框架Scrapy与高级爬虫项目实战。
5.带领研发项目团队3年以上管理经验。"
机器学习系统工程师（北京）(003925),深圳·宝安区·新安,发布于11月16日,30-60K,3-5年,本科,vivo,移动互联网,10000人以上,Java，iBATIS，Hive，机器学习，系统工程师,"岗位职责:
1、负责机器学习平台的建设，以支持推荐系统， 广告系统， 搜索引擎等相关业务
2、负责大型分布式人工智能算法的实现
3、负责解决在大数据量，大吞吐量和并发量下的算法计算效率问题
4、负责提高机器学习pipline的实现效率
任职资格:
1、熟悉NLP/图像/推荐算法和系统/信息检索/计算广告。 
2、编程能力强，熟练使用Java、C/C++、Python至少一种编程语言, 熟悉linux开发环境。 
3、熟悉hadoop,spark,hive等大数据框架,或熟悉spring,ibatis,redis等信息应4、用开发框架,熟悉tensorflowd的优先
有分布式计算系统和大数据计算系统开发经验
5、具备良好的沟通和表达能力，对信息流的用户体验上有自己的想法，有较好的产品意识者优先。"
python爬虫工程师,深圳·宝安区·新安,发布于15:15,12-15K,1-3年,大专,星意美,互联网,20-99人,MySQL，Python，爬虫框架，分布式爬虫，反爬虫,"岗位职责：
1、负责爬虫程序的设计，搭建系统框架，开发分布式网络爬虫系统；
2、研究网页特点和规律，对网页信息进行分类、数据的提取、清洗、入库等一系列流程操作；
3、解决常见的反爬虫问题；
4、爬虫程序的维护和迭代。
岗位要求：
1、熟练使用Requests/xpath/Selenium/PhantomJS等Python库；
2、熟悉关系型数据库(MySQL/PostgreSQL/Oracle)，缓存数据库(Redis/Memcached)；
3、精通一种开源爬虫框架，如scrapy等，有开发爬虫框架、构建过分布式爬虫系统者优先；
4、有解决复杂的反爬虫经验，能解决如验证码、滑块、账号限制、IP限制等问题。"
Python爬虫工程师,深圳·南山区·科技园,发布于11月25日,6-9K,1-3年,大专,称霸网络,互联网,20-99人,分布式技术，网络爬虫技术，装饰器，异步框架，Python爬虫,"1、熟练运用装饰器方法
2、熟悉分布式、多线程/协程/进程;
3、熟悉celery异步框架；
4、熟悉Mysql/Redis/RabbitMQ等常见组件
5、熟悉git flow工作流；
6、熟悉分布式系统，对网络和并发编程有丰富的经验；
7、熟悉Linux平台，能熟练使用脚本语言进行系统日志分析者优先；
8、喜欢尝试新技术，对于使用过的开源软件，能了解到它的原理和机制。
加分项：
1、有主流电商网站抓取经验;
2、了解安卓或者ios逆向。"
python爬虫及数据开发工程师,深圳·南山区·海岸城,发布于11月04日,15-30K,3-5年,本科,房极客,互联网,100-499人,Python，数据开发工程师，Pyspider，使用正则表达式，web数据,"岗位要求：
1. 二年以上Python网络爬虫开发经验；
2. 负责web数据采集相关的开发，熟悉web数据的抓取、解析等开发工作； 
3. 熟悉应对反爬策略的方式方法，并有成功绕过反爬策略的案例。
任职要求：
1. 熟悉python，scrapy，pyspider，Selenium 等框架，掌握基本的Xpath，Selenium等用法及Requests，lxml库，Selenium；
2. 熟悉至少一种抓包工具，熟悉使用正则表达式；熟悉HTTP传输协议，能模拟各类操作进行数据的爬取；
3. 具有较强的分析和解决问题能力，以解决技术难题为乐趣，有想法，敢于挑战；"
python爬虫开发,深圳·南山区·科技园,发布于11月10日,15-30K,5-10年,大专,雷神科技,计算机软件,100-499人,Python，Linux，网络爬虫技术，消重，javascript,"负责：
参与设计和开发分布式高并发网络爬虫系统，进行多平台信息的抓取和分析工作，实时监控爬虫的进度和警报反馈
网页和APP分析、数据抽取、清洗、消重等工作
要求：
1、计算机相关专业；
2、熟练掌握 Python/Java/JavaScript 任意语言，Python 优先；
3、熟悉 HTML、XPath、正则表达式、AJAX、HTTP协议等；
4、熟悉Scrapy、Flask、celery、requests等框架；
5、熟悉爬虫抓取原理，掌握APP\PC逆向分析，JS混淆、字体等反爬解决技能；
5、熟悉高并发、分布式、异步、多线程、逆向分析等爬虫技术（重点）；
6、熟悉关系型数据库、非关系型数据库(MongoDB)、缓存数据库(Redis/Memcached)；
7、有良好的逻辑思维能力、沟通能力、学习能力、团队合作精神。
8、具有攻克难题的强烈兴趣以及提升技术能力的意愿"
php后端工程师,深圳·龙华区·龙华,发布于09月25日,8-13K,1-3年,大专,易上科技,移动互联网,20-99人,PHP，Python，服务端，mysql优化，php项目,"1.负责服务端功能设计和开发
2.负责产品功能的优化和重构
任职资格：
1.熟悉php后端开发+python爬虫、自动化
2.大专以上学历，有三年以上的PHP项目开发经验；
3.熟悉mysql，掌握mysql分区、分表、集群等相关设计方案，具备mysql优化经验；
4.熟悉web开发中各类缓存设计、站点优化方案；"
PHP高级开发工程师,深圳·宝安区·西乡,发布于昨天,20-25K,5-10年,本科,细雨传媒,互联网,100-499人,MySQL，Redis，MongoDB，PHP，Python,"岗位职责：
1、根据公司的需要对疑难技术问题进行解决；
2、协助为团队成员，提供系统设计优化方案与技术支持；
3、对公司迭代项目进行研发与把控；
4、相关开发文档的编写，项目功能设计；
任职资格：
1、全日制大专以上学历，计算机专业优先。5年及以上的开发经验，有带过团队的优先；
2、精通PHP，mysql，具有OOP的开发经验，熟悉常用的设计模式以及sql调优；
3、熟练使用ThinkPHP框架，熟悉前端css,js,jq,Vue等；
4、熟练使用redis，熟悉MongoDB；
5、熟悉web性能优化，保证服务的高可用，有大流量，高并发经验的优先考虑；
6、熟悉常用的linux命令操作，会简单的运维工作；
7、熟练使用swoole，熟悉消息队列，如RabbitMQ,Kafka；
8、有python爬虫、微信公众号和小程序开发及微擎开发优先考虑；"
Python,深圳·龙岗区·坂田,发布于11月24日,23-35K,5-10年,本科,软通动力,计算机软件,10000人以上,Django，Python，Shell，MongoDB，后端开发,"任职要求
1、全日制统招本科，计算机相关专业优先考虑；
2、5年以上相关工作经验，互联网数据处理，爬虫爬取的网页内容解析；
3、熟悉Python定时任务框架：APScheduler,celery
4、熟悉python爬虫框架：Scrapy shell
5，熟悉多线程编程，linux/flask/diango/tornado/redis/mongoDB"
python爬虫工程师,深圳·宝安区·新安,发布于昨天,12-15K,1-3年,大专,星意美,互联网,20-99人,MySQL，Python，NoSQL，Linux，爬虫框架,"岗位职责：
1、负责爬虫程序的设计，搭建系统框架，开发分布式网络爬虫系统；
2、研究网页特点和规律，对网页信息进行分类、数据的提取、清洗、入库等一系列流程操作；
3、解决常见的反爬虫问题；
4、爬虫程序的维护和迭代。
岗位要求：
1、熟练使用Requests/xpath/Selenium/PhantomJS等Python库；
2、熟悉关系型数据库(MySQL/PostgreSQL/Oracle)，缓存数据库(Redis/Memcached)；
3、精通一种开源爬虫框架，如scrapy等，有开发爬虫框架、构建过分布式爬虫系统者优先；
4、有解决复杂的反爬虫经验，能解决如验证码、滑块、账号限制、IP限制等问题。"
Python爬虫工程师,深圳·南山区·科技园,发布于11月27日,11-15K·13薪,3-5年,本科,称霸网络,互联网,20-99人,分布式技术，网络爬虫技术，装饰器，异步框架，Python爬虫,"1、熟练运用装饰器方法
2、熟悉分布式、多线程/协程/进程;
3、熟悉celery异步框架；
4、熟悉Mysql/Redis/RabbitMQ等常见组件
5、熟悉git flow工作流；
6、熟悉分布式系统，对网络和并发编程有丰富的经验；
7、熟悉Linux平台，能熟练使用脚本语言进行系统日志分析者优先；
8、喜欢尝试新技术，对于使用过的开源软件，能了解到它的原理和机制。
加分项：
1、有主流电商网站抓取经验；
2、了解安卓或者ios逆向；"
高级Python爬虫工程师,深圳·南山区·海岸城,发布于11月04日,10-15K,3-5年,本科,房极客,互联网,100-499人,HTML，MongoDB，GitHub，Python，CSS,"职位诱惑：
高配团队；发展机会；期权激励；扁平管理
职位描述：
岗位职责：
1. 参与爬虫服务架构的设计和研发
2. 负责开发爬虫系统，完成数据采集与爬取、解析处理、入库及备份等数据日常工作
3. 研究各种网页探寻特点和规律，负责网页信息抽取、数据清洗等研发和优化工作
4. 负责抽取算法和数据库建模的调研和设计，保证抽取、去重、分类、解析、增量融合入库等流程之后的数据结果
5. 对反爬机制有研究，有能力破解复杂图片验证码/账号限制/ip限制
任职要求：
1. 掌握Python语言。至少2年以上爬虫开发经验。
2. 熟悉多种网络协议，HTML、Xpath表达式，css选择器
3. 掌握数据库：MySQL，Redis，MongoDB等
4. 熟悉Git，Linux系统
5. 具有分布式、多线程/协程/进程的编程经验，有可证明的良好编码习惯，
6. 强烈的责任心与主动性，对所负责工作有owner意识，并能自我驱动成长；
加分项：
1.有MongoDB调优经验
2.github有个人项目
3.有Android/Windows/JS逆向经验
4.了解Docker，K8s，Jenkins"
python爬虫开发,深圳·南山区·科技园,发布于07月29日,20-30K·13薪,3-5年,大专,雷神科技,计算机软件,100-499人,Python，爬虫开发，linux开发环境，精通python，Python爬虫,"岗位职责：
1. 游戏数据获取、入库
2. 爬虫开发
任职要求：	
1. 熟悉Linux开发环境
2. 精通python语言，有python项目经验"
Python,深圳·龙岗区·坂田,发布于11月23日,14-23K,3-5年,本科,软通动力,计算机软件,10000人以上,Django，Python，Redis，MongoDB，分布式技术,"项目名称：华为大脑 大型搜索引擎项目。
团队现有PYTHON工程师50人+
后端开发和爬虫方向都有岗位空缺
任职要求：
1、熟悉Python语言，能够熟练使用python的web框架设计网站，例如django等。
2、熟悉Linux/Unix类开发环境，熟悉其常用命令的使用; 熟悉MySQL， Redis， MongoDB
3、熟悉python爬虫框架：Scrapy shell
4、互联网数据处理，爬虫爬取的网页内容解析
其他要求：
1、3年及以上相关工作经验，本科及以上学历
2、具有良好的工作态度和职业道德
3、具有较强的表达能力，能主动沟通、并进行团队协作
4、工作主动性强，能承受一定的工作压力
5、具备较强的安全意识和一定安全风险控制能力
6、有较强的逻辑思维能力，对技术有强烈的兴趣，具有良好的学习能力；"
